Job Code,City,State,County,Bidding Contractors,Job Status
BEO,Greenville,South Carolina,,,In Production
BTI,Bradenton,Florida,Manatee County,,Completed
BRF,Parrish,Florida,Manatee County,,Completed
BSI,St. Cloud,Florida,Osceola County,,In Production
BVD,Lakewood Ranch,Florida,Manatee County,,Completed
BTZ,Parrish,Florida,Manatee County,,In Production
BVZ,Bradenton,Florida,Manatee County,,Completed
BUA,Palmetto,Florida,Manatee County,,In Production
BSB,Kissimmee,Florida,Osceola County,,In Production
BSA,Jacksonville,Florida,Duval County,,Completed
BRK,Bradenton,Florida,Manatee County,,Completed
BUO,Gainesville,Florida,Alachua County,,In Production
BWC,Jacksonville,Florida,Duval County,,Completed
BSL,Bradenton,Florida,Manatee County,,Completed
BST,Sarasota,Florida,,,In Production
BSS,Jacksonville,Florida,Duval County,,In Production
BRO,Lakewood Ranch,Florida,Manatee County,,Completed
BRA,Bradenton,Florida,Manatee County,,Completed
BVP,Bradenton,Florida,Manatee County,,Completed
BRP,St. Cloud,Florida,Osceola County,,Completed
BWA,Ellenton,Florida,Manatee County,,Completed
BTO,Gainesville,Florida,Alachua County,,Completed
BVT,Parrish,Florida,Manatee County,,Completed
BRZ,St Augustine,Florida,St Johns County,,Completed
BOR,New Port Richie,Florida,Pasco County,,Completed
BVE,Parrish,Florida,Manatee County,,Completed
BUQ,Lakewood Ranch,Florida,Manatee County,,In Production
BUI,Jacksonville,Florida,Duval County,,In Production
BSR,Jacksonville,Florida,Duval County,,In Production
BUT,Parrish,Florida,Manatee County,,Completed
BVO,Parrish,Florida,Manatee County,,Completed
BSY,St. Cloud,Florida,Osceola County,,In Production
BTV,Parrish,Florida,Manatee County,,Completed
BSK,St. Cloud,Florida,Osceola County,,In Production
BRC,Huntersville,North Carolina,Mecklenburg County,,Completed
BRG,St. Cloud,Florida,Osceola County,,Completed
BRN,St. Cloud,Florida,Osceola County,,Completed
BRD,Parrish,Florida,Manatee County,,Completed
BTM,Calabash,North Carolina,,,Completed
BUC,Lakewood Ranch,Florida,Manatee County,,In Production
BVI,Bradenton,Florida,Manatee County,,In Production
BFB,Suwanee,Georgia,,,In Production
BGJ,Jacksonville,Florida,Duval County,,In Production
BGC,Jacksonville,Florida,Duval County,,In Production
BGN,,North Carolina,,,In Production
BGQ,St. Cloud,Florida,Osceola County,,Completed
BGR,Vero Beach,Florida,,,In Production
BGW,Mint Hill,North Carolina,,,In Production
BGS,,North Carolina,,,In Production
BHB,Jacksonville,Florida,Duval County,,In Production
BHC,Winston-Salem,North Carolina,,,In Production
BHK,Delco,North Carolina,,,In Production
BHM,Ocala,Florida,,,In Production
BHN,Ocala,Florida,,,In Production
BHS,Norfolk,Virginia,,,In Production
BHU,Jacksonville,Florida,Duval County,,In Production
BHT,Jacksonville,Florida,Duval County,,In Production
BHV,Lakeland,Florida,Polk County,,In Production
BIA,Danville,Virginia,,,In Production
BHW,Lakeland,Florida,Polk County,,In Production
BRJ,Kennesaw,Georgia,,,In Production
BCY,Kissimmee,Florida,Osceola County,,Completed
BED,St. Cloud,Florida,Osceola County,,Completed
ASF,Raleigh,North Carolina,,,Completed
ATG,,Florida,Santa Rosa County,,Completed
AVL,Gainesville,Florida,Alachua County,,In Production
AVZ,Charlotte,North Carolina,,,In Production
AXG,Riverview,Florida,,,In Production
AXJ,Jacksonville,Florida,Duval County,,In Production
AXV,Jacksonville,Florida,Duval County,,In Production
AYB,Mt. Pleasant,South Carolina,,,In Production
AYO,Mint Hill,North Carolina,,,In Production
AYQ,Ft. Myers,Florida,,,In Production
AYT,Jacksonville,Florida,Duval County,,In Production
AZE,Naples,Florida,,,In Production
AZF,Jacksonville,Florida,Duval County,,In Production
AZH,Carlisle,Pennsylvania,,,In Production
AZJ,,North Carolina,,,In Production
AZK,Lakeland,Florida,Polk County,,In Production
AZM,Jacksonville,Florida,Duval County,,In Production
AZT,Keswick,Virginia,,,In Production
AZY,Crystal River,Florida,,,In Production
BAA,Clearfield,Pennsylvania,,,In Production
BAE,Morrow,Georgia,,,In Production
BAK,Greenville,South Carolina,,,In Production
BAL,Lakeland,Florida,Polk County,,In Production
BAO,Jacksonville,Florida,Duval County,,In Production
BAP,Jacksonville,Florida,Duval County,,In Production
BAQ,Jacksonville,Florida,Duval County,,In Production
BAR,Jacksonville,Florida,Duval County,,In Production
BAX,Jacksonville,Florida,Duval County,,In Production
BAZ,Grayson,Georgia,,,In Production
BBF,Arcadia,Florida,,,In Production
BBH,Simpsonville,South Carolina,,,In Production
BBI,Jacksonville,Florida,Duval County,,In Production
BBJ,Jacksonville,Florida,Duval County,,In Production
BBT,Fayetteville,North Carolina,,,In Production
BCE,Norcross,Georgia,,,In Production
BCI,Naples,Florida,,,In Production
BCK,Jacksonville,Florida,Duval County,,In Production
BCN,Jacksonville,Florida,Duval County,,In Production
BCM,Bradenton,Florida,Manatee County,,In Production
BCQ,,South Carolina,Greenville County,,In Production
BCT,Jacksonville,Florida,Duval County,,In Production
BCV,,North Carolina,,,In Production
BDD,Forest Park,Georgia,,,In Production
BDO,Mt. Pleasant,South Carolina,,,In Production
BDI,Lakeland,Florida,Polk County,,In Production
BDW,Stafford,Virginia,,,In Production
BEA,Jacksonville,Florida,Duval County,,In Production
BEI,Cary,North Carolina,,,In Production
BEJ,Jacksonville,Florida,Duval County,,In Production
BEL,Mobile,Alabama,,,In Production
BIE,New Port Richie,Florida,,,In Production
BIG,Melbourne,Florida,Brevard County,,Completed
BIJ,Lakeland,Florida,Polk County,,In Production
BIU,,North Carolina,,,In Production
BJD,Mobile,Alabama,,,In Production
BJV,Pensacola,Florida,,,In Production
BJO,Greenville,South Carolina,,,In Production
BJW,Harrisburg,Pennsylvania,,,In Production
BJZ,Jacksonville,Florida,Duval County,,In Production
BKA,Jacksonville,Florida,Duval County,,In Production
BKC,Jacksonville,Florida,Duval County,,In Production
BKB,Port St. Lucie,Florida,,,In Production
BKD,Bradenton,Florida,Manatee County,,In Production
BKL,Ocala,Florida,,,In Production
BKN,Middletown,Pennsylvania,,,In Production
BKX,Deltona,Florida,,,In Production
BLA,Jacksonville,Florida,Duval County,,In Production
BLB,Delco,North Carolina,,,In Production
BLD,West Chester,Pennsylvania,,,In Production
BLE,Palmetto,Florida,Manatee County,,In Production
BLH,Kissimmee,Florida,Osceola County,,Completed
BLI,Kissimmee,Florida,Osceola County,,Completed
BLM,Jacksonville,Florida,Duval County,,In Production
BLO,Shreveport,Louisiana,,,In Production
BLQ,Palmetto,Florida,Manatee County,,In Production
BLR,Jacksonville,Florida,Duval County,,In Production
BLS,Piedmont,South Carolina,,,In Production
BLT,Palmetto,Florida,Manatee County,,In Production
BNQ,Homosassa,Florida,,,In Production
BMX,Parrish,Florida,Manatee County,,In Production
BLU,Palmetto,Florida,Manatee County,,In Production
BNR,,Maryland,Charles County,,In Production
BMJ,Parrish,Florida,Manatee County,,In Production
BNP,Parrish,Florida,Manatee County,,In Production
BLX,Jacksonville,Florida,Duval County,,In Production
BNX,Jacksonville,Florida,Duval County,,In Production
BNA,,Florida,Manatee County,,In Production
BLY,McDonough,Georgia,,,In Production
BNU,Sayreville,New Jersey,,,In Production
BME,Jacksonville,Florida,Duval County,,In Production
BNZ,Jacksonville,Florida,Duval County,,In Production
BMR,Palmetto,Florida,Manatee County,,In Production
BNW,Jacksonville,Florida,Duval County,,In Production
BMQ,Gainesville,Florida,Alachua County,,In Production
BMK,Washington,North Carolina,,,In Production
BNI,Monroe,North Carolina,,,In Production
BLW,Jacksonville,Florida,Duval County,,In Production
BMM,Clayton,North Carolina,,,In Production
BND,Dudedin,Florida,,,In Production
BMN,Jacksonville,Florida,Duval County,,In Production
BLZ,Greenville,South Carolina,,,In Production
BMU,St. Cloud,Florida,Osceola County,,Completed
BMD,West Chester,Pennsylvania,,,In Production
BNJ,Sunset Beach,North Carolina,,,In Production
BNT,Palmetto,Florida,Manatee County,,In Production
BOA,Jacksonville,Florida,Duval County,,In Production
BNL,Norfolk,Virginia,,,In Production
BNH,,North Carolina,,,In Production
BMV,Greenville,Florida,,,In Production
BUL,,North Carolina,,,In Production
BOM,Bradenton,Florida,Manatee County,,In Production
BQJ,Palmetto,Florida,Manatee County,,In Production
BPI,Gainesville,Florida,Alachua County,,In Production
BSG,Piedmont,North Carolina,,,In Production
BPQ,Jacksonville,Florida,Duval County,,In Production
BQB,Wilson,North Carolina,,,In Production
BPU,St. Cloud,Florida,Osceola County,,Completed
BPO,Sarasota,Florida,Manatee County,,In Production
BQF,St. Cloud,Florida,Osceola County,,Completed
BQG,Jacksonville,Florida,Duval County,,In Production
BOT,St. Cloud,Florida,Osceola County,,Completed
BQK,Culpeper,Virginia,,,In Production
BPC,Pensacola,Florida,,,In Production
BQH,Palmetto,Florida,Manatee County,,In Production
BOZ,Bradenton,Florida,Manatee County,,In Production
BPK,St. Cloud,Florida,Osceola County,,Completed
BPR,Pensacola,Florida,,,In Production
BQC,Palmetto,Florida,Manatee County,,In Production
BPG,Sayreville,New Jersey,,,In Production
BPZ,Jacksonville,Florida,Duval County,,In Production
BOH,Melbourne,Florida,Brevard County,,In Production
BQD,Pensacola,Florida,,,In Production
BQL,Crystal River,Florida,,,In Production
BPD,Palmetto,Florida,Manatee County,,In Production
BPP,Bryans Road,Maryland,Charles County,,In Production
BOP,Mount Pleasant,South Carolina,,,In Production
BSH,Climax,North Carolina,,,In Production
BVN,Wake County,North Carolina,Wake County,,In Production
BSU,Keswick,Virginia,,,In Production
BVR,Boliva,North Carolina,,,In Production
BVM,Sayerville,New Jersey,,,In Production
BUP,Clayton,North Carolina,,,In Production
BTU,Sanford,North Carolina,,,In Production
BUV,Waldorf,Maryland,,,In Production
BUX,Swiftwater,Pennsylvania,,,In Production
BVC,Oak Island,North Carolina,,,In Production
BWF,Troy,North Carolina,Rensselaer County,,Completed
BWG,Jacksonville,Florida,Duval County,,Completed
BWI,Gainesville,Florida,Alachua County,,Completed
BWN,Piedmont,South Carolina,,,In Production
BWQ,Norfolk,Virginia,Norfolk County,,Completed
BWR,Bradenton,Florida,Manatee County,,Completed
BXD,,Florida,Manatee County,,In Production
BXI,Jacksonville,Florida,Duval County,,In Production
BXK,St. Cloud,Florida,Osceola County,,In Production
BXU,Jacksonville,Florida,Duval County,,Completed
BXQ,,Florida,Manatee County,,Completed
BXV,Jacksonville,Florida,Duval County,,Completed
BYA,Gainesville,Florida,Alachua County,,Completed
BXW,Jacksonville,Florida,Duval County,,Completed
BWT,,North Carolina,,,In Production
BYP,,Florida,Manatee County,,In Production
BYQ,,Florida,Manatee County,,Completed
BYS,Parrish,Florida,Manatee County,,Completed
BYT,Jacksonville,Florida,Duval County,,Completed
BYX,Ocean Springs,MIssissippi,Jackson county,,Completed
BYY,Peachtree Corners,Georgia,Gwinnett County,,Completed
BZA,Bradenton,Florida,Manatee County,,Completed
BZB,Parrish,Florida,Manatee County,,Completed
BZC,Jacksonville,Florida,Duval County,,Completed
BZD,Greenville,South Carolina,,,In Production
BZF,Melbourne,Florida,Brevard County,,Completed
BZG,St. Cloud,Florida,Osceola County,,Completed
BZN,Edgewater,Florida,Volusia County,,Completed
BZL,St. Cloud,Florida,Osceola County,,Completed
BZM,St. Cloud,Florida,Osceola County,,Completed
BZJ,Jacksonville,Florida,Duval County,,In Production
CAC,Jacksonville,Florida,Duval County,,Completed
CAE,Inverness,Florida,Citrus County,,Completed
CAG,Parrish,Florida,Manatee County,,Completed
CAI,Palmetto,Florida,Manatee County,,Completed
CAF,Parrish,Florida,Manatee County,,Completed
CAR,Palmetto,Florida,Manatee County,,Completed
CAS,Bradenton,Florida,Manatee County,,Completed
CBL,Gainesville,Florida,Alachua County,,Completed
CBK,Palmetto,Florida,Manatee County,,Completed
CBE,Summerville,South Carolina,,,Completed
CAT,High Point,North Carolina,,,Completed
CBO,Supply,North Carolina,Brunswick County,,Completed
CFD,Parrish,Florida,Manatee County,,Completed
CFH,Palmetto,Florida,Manatee County,,Completed
CBT,,North Carolina,Brunswick County,,In Production
CBU,,Florida,Manatee County,,In Production
CGT,,Florida,Manatee County,,Completed
CGQ,Jacksonville,Florida,Duval County,,Completed
CBW,,Florida,Manatee County,,In Production
CBY,,Florida,,,In Production
CCC,,Florida,Polk County,,Completed
CCK,,Florida,Osceola County,,Completed
CCT,,Florida,,,Completed
CCF,,Florida,,,Completed
CCQ,,Florida,,,Completed
CDL,,Florida,Manatee County,,Completed
CDO,,Florida,Manatee County,,Completed
CDP,,Florida,Manatee County,,Completed
CEH,,Florida,Manatee County,,Completed
CEB,,Florida,Duval County,,Completed
CEG,,Florida,Manatee County,,Completed
CFU,,North Carolina,Brunswick County,,Completed
CGD,Jacksonville,Florida,Duval County,,Completed
CGE,Jacksonville,Florida,Duval County,,Completed
CFL,Palmetto,Florida,Manatee County,,Completed
CFR,Parrish,Florida,Manatee County,,Completed
CGG,,Florida,Manatee County,,Completed
CGC,Jacksonville,Florida,Duval County,,Completed
CFN,,North Carolina,Brunswick County,,Completed
CFS,Jacksonville,Florida,Duval County,,Completed
CFY,Homosassa,Florida,Citrus County,,Completed
CFW,Lakewood Ranch,Florida,Manatee County,,Completed
CGL,St. Cloud,Florida,Osceola County,,Completed
CHU,,,,,In Production
CGN,,Florida,Manatee County,,Completed
CHC,,Florida,Manatee County,,Completed
CGV,St. Cloud,Florida,Osceola County,,Completed
CHK,,North Carolina,,,Completed
CHT,Parrish,Florida,Manatee County,,Completed
CHD,,Georgia,Bartow County,,In Production
CGU,Jacksonville,Florida,Duval County,,Completed
CHJ,St. Cloud,Florida,Osceola County,,Completed
CHA,,Florida,Manatee County,,Completed
CHI,,Florida,Manatee County,,Completed
CIH,,Florida,Manatee County,,Completed
CID,,Florida,Manatee County,,Completed
CJB,,Florida,Manatee County,,Completed
CKG,,Florida,Manatee County,,Completed
CJS,,Florida,Manatee County,,Completed
CIL,,Florida,Manatee County,,Completed
CJR,,Florida,Manatee County,,Completed
CJC,Jacksonville,Florida,Duval County,,Completed
CIO,St. Cloud,Florida,Osceola County,,Completed
CJG,,Florida,Manatee County,,Completed
CJF,Jacksonville,Florida,Duval County,,Completed
CJP,,Florida,Manatee County,,In Production
CIM,,Florida,Manatee County,,Completed
CJN,,Florida,Manatee County,,Completed
CJU,St. Cloud,Florida,Osceola County,,Completed
CJK,St. Cloud,Florida,Osceola County,,Completed
CKY,St. Cloud,Florida,Osceola County,,Completed
CKW,,Florida,Manatee County,,Completed
CKS,St. Cloud,Florida,Osceola County,,Completed
CLB,St. Cloud,Florida,Osceola County,,Completed
CLL,Jacksonville,Florida,Duval County,,Completed
DNY,,Florida,Manatee County,DEME,Completed
CMB,Gainesville,Florida,,,Completed
CMR,Palmetto,Florida,Manatee County,,Completed
CNH,Bradenton,Florida,Manatee County,,Completed
CMC,,Florida,Manatee County,,Completed
CMZ,Jacksonville,Florida,Duval County,,Completed
COD,Lakeland,Florida,Polk County,,Completed
CMY,Bradenton,Florida,Manatee County,,Completed
CNI,Deleon Springs,Florida,Volusia County,,Completed
CND,Port St. Lucie,Florida,St. Lucie County,,Completed
CMD,,Florida,Manatee County,,Completed
CNW,Palmetto,Florida,Manatee County,,Completed
COL,Palmetto,Florida,Manatee County,,Completed
COS,St. Cloud,Florida,Osceola County,,Completed
COV,Pensacola,Florida,Escambia County,,Completed
CHD,,Georgia,,,In Production
CTC,Jacksonville,Florida,Duval County,,Completed
COZ,Bradenton,Florida,Manatee County,,Completed
CSR,Melbourne,Florida,Brevard County,,Completed
CST,Jacksonville,Florida,Duval County,,Completed
CRZ,Jacksonville,Florida,Duval County,,Completed
CPH,St. Cloud,Florida,Osceola County,,Completed
CPN,Parrish,Florida,Manatee County,,Completed
CPY,Bradenton,Florida,Manatee County,,Completed
CPO,Jacksonville,Florida,Duval County,,Completed
CPS,Port St. Lucie,Florida,St. Lucie County,,Completed
CPP,Jacksonville,Florida,Duval County,,Completed
CQG,Bradenton,Florida,Manatee County,,Completed
CQK,Palmetto,Florida,Manatee County,,Completed
CQL,Bradenton,Florida,Manatee County,,Completed
CQV,Jacksonville,Florida,Duval County,,Completed
CQR,Parrish,Florida,Manatee County,,Completed
CQZ,Jacksonville,Florida,Duval County,,Completed
CRD,St. Cloud,Florida,Osceola County,,Completed
CSB,St. Cloud,Florida,Osceola County,,Completed
CRU,Riverview,Florida,Hillsborough County,,Completed
CRT,Sarasota,Florida,Manatee County,,Completed
CRO,Gainesville,Florida,Alachua County,,Completed
CSH,Jacksonville,Florida,Duval County,,Completed
CSI,Gainesville,Florida,Alachua County,,Completed
CSF,Jacksonville,Florida,Duval County,,Completed
CSL,Pensacola,Florida,Escambia County,,Completed
CTH,Maxton,North Carolina,Robeson,,Completed
CQW,Raleigh,North Carolina,,,Completed
CSP,Lithia Springs,Georgia,,,Completed
CTN,Ash,North Carolina,Brunswick County,,Completed
CTP,Culpeper,Virginia,,,Completed
CTR,Mcleon,North Carolina,Fairfax,,Completed
CTS,Bradenton,Florida,Manatee County,,Completed
CTZ,Palmetto,Florida,Manatee County,,Completed
CTW,Bradenton,Florida,Manatee County,,Completed
CUA,Bradenton,Florida,Manatee County,,Completed
CUB,Naples,Florida,,,Completed
CUD,Jacksonville,Florida,Duval County,,Completed
CKA,Greenville,South Carolina,Greenville County,,Completed
CNX,High Point,North Carolina,,,Completed
CVC,Rocky Mount,North Carolina,Nash,,Completed
CVD,Raleigh,North Carolina,Wake County,,Completed
CVB,Bradenton,Florida,Manatee County,,Completed
CVH,St. Cloud,Florida,Osceola County,,Completed
CVJ,Jacksonville,Florida,Duval County,,Completed
CVM,Lawrenceville,Georgia,Gwinnett County,,Completed
CTA,Jefferson,Georgia,Jackson county,,Completed
CVO,Jacksonville,Florida,Duval County,,Completed
CVP,Parrish,Florida,Manatee County,,Completed
CVU,Sayreville,North Carolina,Middlesex,,Completed
CVV,,North Carolina,,,Completed
CQJ,Citrus Hill,Florida,Citrus County,,Completed
CWC,Palmetto,Florida,Manatee County,,Completed
CWF,Parrish,Florida,Manatee County,,In Production
CWH,St. Cloud,Florida,Osceola County,,Completed
CWI,Palmetto,Florida,Manatee County,,Completed
CWJ,Gainesville,Florida,Alachua County,,Completed
CWL,Parrish,Florida,Manatee County,,Completed
CWK,Parrish,Florida,Manatee County,,Completed
CWM,Ormond Beach,Florida,Volusia County,,Completed
CWO,Bradenton,Florida,Manatee County,,Completed
CWR,New Port Richie,Florida,Pasco County,,Completed
CWW,St. Cloud,,Osceola County,,Completed
CWV,St. Cloud,Florida,Osceola County,,In Production
CWY,St. Cloud,Florida,Osceola County,,Completed
CXE,Parrish,Florida,Manatee County,,In Production
CXH,Calabash,North Carolina,Brunswick County,,Completed
CXJ,Bradenton,Florida,Manatee County,,Completed
CXK,Navassa,North Carolina,Brunswick County,,Completed
CXL,,Florida,Manatee County,,Completed
CXM,Gainesville,Florida,Alachua County,,Completed
CXN,Parrish,Florida,Manatee County,,Completed
CXO,Peachtree Corners,Georgia,Gwinnett County,,Completed
CXS,Lakeland,Florida,Polk County,,Completed
CXT,,North Carolina,New Hanover,,Completed
CYT,Wimauma,Florida,Manatee County,ET Makenzie Co.,In Production
DJG,Frisco,Texas,,,In Production
DDD,,Florida,Duval County,Ferreira Construction,Completed
DRI,,Florida,Osceola County,"WD Site Development, WalRose",Completed
DBP,Live Oak,Florida,Osceola County,John M Hall,Completed
CYU,Sayreville,New Jersey,Middlesex,,Completed
DEF,,California,Placer County,,Completed
DMH,Houston,Texas,Houston County,,In Production
CYX,Liberty,North Carolina,Liberty County,,Completed
DAR,Parrish,Florida,Manatee County,Rusty Plumbing,Completed
CYC,,Florida,Duval County,,Completed
DDK,,Florida,Alachua County,Utility Service of Gainesville Inc,Completed
CYK,Sarasota,Florida,Manatee County,,In Production
CYS,Sanford,Florida,Brevard County,,In Production
DBW,Lakeland,Florida,Polk County,,In Production
DOP,Pleasant Grove,California,Sutter County,"Auburn Constructors, GSE Construction Company, GSW Construction, Marques Engineering, T&S Construction",Completed
CKQ,,Texas,Shertz,,In Production
CZV,Venize,Florida,Manatee County,,Completed
DLZ,,Florida,TOHO,Southern Development & Construction Inc.,Completed
CYG,,Kansas,Dodge City,,Opportunity  Lost
CYQ,Sarasota,Florida,Manatee County,,Completed
CWE,,,,,Opportunity  Lost
DDS,,Arizona,Buckeye,TPL,Completed
DCK,,Missouri,Kansas City,,In Production
DSL,,Arizona,Grand Canyon,,Completed
DET,,Florida,TOHO,JR Davis,Completed
CWB,Frisco,Texas,,,Quote Out for approval
CXY,,Georgia,Houston County,,Completed
DDA,Gainesville,Florida,Alachua County,Watson Construction,Completed
DCO,Charlotte,North Carolina,Mecklenburg County,,Completed
CVP,,,,,Opportunity  Lost
CWR,,Florida,Pasco County,,Completed
CYB,,Arizona,Pinal County,,Completed
DJY,,Texas,El Paso County,,Completed
CXZ,,Oregon,Redmond,,In Production
CYE,,California,San Mateo,,Opportunity  Lost
DBL,,Utah,Syracuse,,In Production
DOM,,Texas,El Paso County,,Completed
EFI,,North Carolina,Brunswick County,,Completed
DSS,Tucson,Arizona,,,Completed
DJC,,Kansas,City of Wichita,,In Production
DAP,,Texas,Dallas,,In Production
CYI,Parrish,Florida,Manatee County,,Completed
CXX,Gainesville,Florida,Alachua County,,Completed
CXY,Warner Robins,Georgia,,,Completed
DAW,,North Carolina,Brunswick County,,In Production
DCR,Bradenton,Florida,Manatee County,ET Makenzie Co.,Completed
CYL,Parrish,Florida,Manatee County,,Completed
DGJ,,Texas,Dallas,,In Production
DGN,Yuba City,California,Yuba County,Sanco Pipelines,Completed
CYN,Gainesville,Florida,Alachua County,,Completed
DHC,,California,Yuba County,,Completed
DBR,Sarasota,Florida,Manatee County,WoodRuff and Sons,Completed
DAT,,California,Cupertino County,,Opportunity  Lost
DCQ,Parrish,Florida,Manatee County,RIPA,Completed
CSJ,,Texas,Frisco,,Opportunity  Lost
CYO,Jacksonville,Florida,Duval County,,Completed
DUP,Kissimmee,Florida,TOHO,WD Site Development,Completed
DHR,Summerville,South Carolina,Dorchester County,,In Production
CYV,Ash,North Carolina,,,Completed
DKC,,Florida,Osceola County,Brockman,Completed
EGU,,North Carolina,Brunswick County,,In Production
DCB,Gainesville,Florida,Alachua County,WG Johnson,Completed
DDX,Scottsdale,Arizona,,,Completed
DAF,Rockledge,Florida,Brevard County,,In Production
DRW,Mesa,Arizona,Mesa,Rhino Contracting,Completed
DYG,Lakeland,Florida,Polk County,,Completed
DAX,,Florida,TOHO,,Completed
DER,,Texas,Garland,,In Production
CZW,Jacksonville,Florida,Duval County,,Completed
DEO,,Texas,El Paso County,,Completed
DFU,,Florida,Manatee County,DEME,Completed
CZC,Live Oak,Florida,Suwannee,,Completed
CZD,Calabash,North Carolina,Brunswick County,,Completed
CZG,Southport,North Carolina,Brunswick County,,In Production
CZI,Bradenton,Florida,Manatee County,,In Production
CZJ,Jacksonville,Florida,Duval County,,Completed
DJU,,Florida,TOHO,Assured Excavating Inc,Completed
ECN,Kissimmee,Florida,Osceola County,"Brockman, John M Hall, RCS Construction Company, WalRose",Completed
DMA,,Florida,TOHO,Hughes Brother Construcion,Completed
DDQ,,Arizona,Chandler,MGC Contractors,Completed
CZR,,Florida,TOHO,Blue Ox,Completed
DFD,,Florida,Manatee County,RIPA,Completed
DNW,Marana,Arizona,Pima County,,Completed
DNG,,California,Galt,Conco West Inc.,Completed
DXC,St. Cloud,Florida,Osceola County,JR Davis,Completed
DAA,Palmetto,Florida,Manatee County,,Completed
DKL,,Arizona,Phoenix,,Completed
EHD,,Florida,Osceola County,Florida Civil Construction,Released to Production
CYE,,California,San Mateo,,Completed
CZQ,Gainesville,Florida,Alachua County,,Completed
DCW,Parrish,Florida,Manatee County,The Kerney Company,Completed
DEQ,,Florida,Dunedin,TLC Diversified,Completed
DRR,St. Cloud,Florida,Osceola County,Blue Ox,Completed
DEU,,Florida,Manatee County,Rusty Plumbing,Completed
DCH,Bradenton,Florida,Manatee County,DEME,Completed
DHS,,Florida,Manatee County,ET Makenzie Co.,Completed
DTW,St. Cloud,Florida,Osceola County,JR Davis,Completed
DIF,Phoenix,Arizona,Phoenix,Felix Construction,Completed
CXA,,Florida,Manatee County,,Completed
DTC,Tucson,Arizona,Pima County,Granite Construction,Completed
DAJ,Boliva,North Carolina,Brunswick County,,Quote Sent to Sales
DAL,Piedmont,South Carolina,Greenville County,,Completed
DLP,,California,Corona,,Completed
DAG,,North Carolina,New Hanover County,,Completed
DNC,,California,Galt,,Completed
DAA,Palmetto,Florida,Manatee County,,Completed
DAB,Ocean Isle Beach,North Carolina,Brunswick County,,In Production
EJX,,Florida,Osceola County,"Assured Excavating Inc, Hughes Brother Construcion, TSS Civil",In Production
DOU,,Florida,Citrus County,,Completed
DDE,City of Yuma,Arizona,Yuma County,,Completed
DDP,Princeton,North Carolina,Clayton,,In Production
DED,St. Cloud,Florida,Osceola County,Cypress Gulf,Completed
DHU,,Arizona,Chandler,B&F Contracting,Completed
DHO,St. Cloud,Florida,Osceola County,WalRose,Completed
DNM,Kissimmee,Florida,TOHO,WD Site Development,Completed
DDL,,Arizona,,,Completed
DEK,,Texas,El Paso County,,Completed
DAQ,Inverness,Florida,Citrus County,,In Production
DIX,Peoria,Arizona,Maricopa County,,Completed
DEX,,South Carolina,Piedmont,,Completed
DPB,,Texas,Richardson,,Completed
DDU,St. Cloud,Florida,Osceola County,WalRose,Completed
DBO,Rocky Point,North Carolina,Pender,,Completed
DCT,Fallon,Nevada,,,Completed
DHA,St. Cloud,Florida,Osceola County,John M Hall,Completed
DHI,,Florida,Manatee County,QGS,Completed
DLA,Parrish,Florida,Manatee County,ET Makenzie Co.,Completed
DFI,City of Rowlett,Texas,City OF Rowlett,,In Production
EDY,Melbourne,Florida,Brevard County,CK Contractors & Development,Completed
DWL,Orlando,Florida,Orange County,,Completed
DPM,,Florida,Osceola County,Brockman,Completed
DBE,Mt. Pleasant,South Carolina,Alachua County,,Completed
DBN,City of Largo,Florida,Pinellas,,Completed
DBA,St. Cloud,Florida,Osceola County,,In Production
DBC,Gainesville,Florida,Alachua County,,Completed
DNE,City of Carlsbad,California,,,In Production
DIH,Lebanon,Indiana,,,Completed
DIL,,Florida,Manatee County,Wilson Site Dev,Completed
DJW,Kissimmee,Florida,TOHO,Hughes Brother Construcion,Completed
DBK,Kissimmee,Florida,Osceola County,,Completed
EFT,,Florida,Osceola County,"Blue Ox, Hughes Brother Construcion, John M Hall",In Production
DAY,,California,Placer County,,Completed
DBG,Crystal River,Florida,Citrus County,,In Production
DBH,Tucker,Georgia,Gwinnett County,,Completed
DFZ,Chandler,Arizona,,,Completed
DLG,,North Carolina,Brunswick County,,In Production
DLN,Town of Florence,Arizona,,Achen-Gardner Construction,Completed
DIA,St. Cloud,Florida,TOHO,Blue Ox,Completed
DQO,Redding,California,,,Completed
DCZ,Queen Creek,Arizona,Maricopa County,,Completed
DLC,Phoenix,Arizona,,Achen-Gardner Construction,Completed
DEV,Pace,Florida,Santa Rosa County,Roberson Underground,In Production
DOG,Melbourne,Florida,Brevard County,Gregori Construction,Completed
DMN,Parrish,Florida,Manatee County,"RIPA, The Kerney Company",Completed
DQX,Kissimmee,Florida,TOHO,"Cronin Construction, Eden Site Dev, Mercon Construction Co., Southern Development & Construction Inc., WD Site Development",Completed
DIN,,North Carolina,Brunswick County,,Completed
DBV,Gainesville,Florida,Alachua County,,Completed
DFK,Peoria,Arizona,,,Completed
DEH,Queen Creek,Arizona,,,Completed
DCG,,Texas,Collin County,,In Production
DTF,,North Carolina,Brunswick County,,Completed
DEB,Bradenton,Florida,Manatee County,Timothy Rose Contracting Inc.,Completed
DFG,Pace,Florida,Santa Rosa County,,In Production
DDW,Big Spring,Texas,big spring tx,,In Production
DHG,Bradenton,Florida,Manatee County,Firethorn,Completed
DHX,,Florida,Manatee County,C&M Roadbuilders,Completed
DNJ,Cottonwood,Arizona,,Schofield Civil Construction,Completed
DLE,,North Carolina,Brunswick County,,Completed
DEI,Buckeye,Arizona,Maricopa County,,Completed
DIK,Parrish,Florida,Manatee County,QGS,Completed
DEP,Davis,California,Yolo County,,Completed
DCP,Bradenton,Florida,Manatee County,Central Site Dev,Completed
DTE,Davenport,Florida,Osceola County,WalRose,Completed
DCU,Ennis,Texas,,,In Production
DSD,Ash,North Carolina,Brunswick County,,Completed
DJF,Parrish,Florida,Manatee County,RIPA,Completed
DSH,Parrish,Florida,Manatee County,ET Makenzie Co.,Completed
DFH,Midwest City,Oklahoma,,,In Production
DFN,Frederickson,Washington,Pierce County,,In Production
DPA,El Centro,California,,,Completed
DKE,,Florida,Manatee County,RIPA,Completed
DFQ,Houston,Texas,Harris County,,In Production
DTO,,Florida,Manatee County,ET Makenzie Co.,Completed
DDM,,Washington,Pierce County,,Completed
DGV,,Florida,Polk County,Felix Associates of Florida,Completed
DII,,Florida,Manatee County,DEME,Completed
DJE,,Florida,Manatee County,RIPA,Completed
DGM,,Florida,Manatee County,ET Makenzie Co.,Completed
DES,,Arizona,Maricopa County,,Completed
DCL,Minden,Nevada,Douglas,,In Production
DEG,Debary,Florida,Volusia County,Eden Site Dev,Completed
DFB,,California,Ventura County,,Completed
DEE,Boulder,Colorado,,,Completed
DFA,,Florida,Citrus County,Pave-Rite Inc,Completed
DTK,,Florida,Manatee County,"DEME, ET Makenzie Co., Fredrick Derr, RIPA",Completed
DLS,Columbia,South Carolina,,,In Production
DDI,El Paso,Texas,,,In Production
DKB,Palmetto,Florida,Manatee County,Wilson Site Dev,Completed
DKA,Palmetto,Florida,Manatee County,Wilson Site Dev,Completed
DOE,Beaufort,North Carolina,Carteret,,Completed
EIK,,Florida,Osceola County,"Blue Ox, Brockman, The Briar Team",In Production
DRZ,Cape Fear,North Carolina,,,Completed
DKW,Bradenton,Florida,Manatee County,Mcleod Land Services,Completed
DLW,Culpeper,Virginia,Culpeper County,,Completed
DGB,,California,San Diego County,Dempsey Const,Completed
DAU,Lubbock,Texas,,,In Production
DEC,Cape Canaveral,Florida,Brevard County,Rampage,Completed
DUJ,,Florida,Osceola County,Southern Development & Construction Inc.,Completed
DKS,,Utah,Davis County,,In Production
DBL,,Utah,Syracuse,,In Production
DDR,Pace,Florida,Santa Rosa County,Pace Water System Inc,In Production
CXS,Mesa,Arizona,,,In Production
DQW,Kissimmee,Florida,Osceola County,Team DBC,Completed
DRB,Georgetown,Texas,,,Completed
DBS,Raleigh,North Carolina,Wake County,,In Production
DBS,Raleigh,North Carolina,Wake County,,In Production
DKX,,Florida,Manatee County,Central Site Dev,Completed
DFT,,Florida,Manatee County,C&M Roadbuilders,Completed
EDG,,Florida,Manatee County,"Central Site Dev, Landmark Services, The Kerney Company",Completed
DCS,City of Yuma,Arizona,Yuma County,,Completed
DGT,Bend,Oregon,Deschutes County,Taylor NW,Completed
DDH,Marana,Arizona,Pima County,,In Production
DDN,Lawrenceville,Georgia,Gwinnett County,,In Production
DDZ,,Arizona,,,Completed
CXA,,Florida,Manatee County,,Completed
DDV,Las Vegas,Nevada,Clark County,,Completed
DKY,,Florida,Manatee County,Central Site Dev,Completed
DHQ,Calabash,North Carolina,Brunswick County,LM McLamb & Son Construction,Completed
DDF,Jacksonville,Florida,Duval County,,Completed
DKG,San Mateo,California,San Mateo,,Completed
DHN,Chula Vista,California,City of Chula Vista,SCW Contracting Corp.,Completed
DOD,Kissimmee,Florida,TOHO,JR Davis,Completed
DGG,Scottsdale,Arizona,,Achen-Gardner Construction,Completed
DGZ,Bradenton,Florida,Manatee County,Landmark Services,Completed
DDB,Granbury,Texas,,,In Production
DLU,Merritt Island,Florida,Brevard County,Metro Equipment Service Inc.,Completed
DIW,Chanhassen,Minnesota,,,In Production
DDC,Parrish,Florida,Manatee County,The Kerney Company,Completed
DHZ,Scottsdale,Arizona,Scottsdale,Achen-Gardner Construction,Completed
CYC,,,,,Completed
DFX,Palmetto,Florida,Manatee County,Raymo Constrction,Completed
DIP,Gainesville,Florida,Alachua County,Jacobs,Completed
DHL,Niagara Falls,New York,,Romtec,Completed
DHP,Avalon,Virginia,,,In Production
DBW,Lakeland,Florida,Polk County,,Quote Sent to Sales
DEK,,Texas,,,In Production
CTB,,California,,,Completed
DDI,,Texas,,,In Production
CTL,,California,,,In Production
DJA,,California,Bakersfield,Nicholas Construction Inc.,Completed
CYF,,Texas,,,Completed
DCE,,California,,,Completed
DFP,,California,Placer County,,Completed
CZS,,California,Carmel Area Wastewater District,Don Chapin,Completed
DOA,Houston,Texas,Houston County,,In Production
DBD,,Texas,,,In Production
CWP,,,San Antonio,,In Production
DJJ,Conway,Arkansas,,,Completed
CWZ,,Arizona,,,In Production
DEJ,,Nevada,Fallon,,In Production
DCX,,Arizona,Marana,,In Production
CZN,,Arizona,San Luis,,In Production
DAV,,Arizona,Queen Creek,,Completed
DDS,,Arizona,Buckeye,,In Production
CVT,,,,,Completed
DCN,,Arizona,Pima County,,In Production
DCI,,Arizona,City of Tempe,,Completed
DDX,,Arizona,Scottsdale,,Completed
CYB,,,,,In Production
CWN,,Arizona,Queen Creek,,Completed
DAK,,Arizona,Chandler,,In Production
DBT,,Arizona,Buckeye,,In Production
DBB,,Arizona,Buckeye,,In Production
CVE,,Arizona,Phoenix,,In Production
DCF,,Texas,,,In Production
CYD,,,,,Completed
CXU,,,Marana,,In Production
CZN,,,San Luis,,In Production
CWG,,,Goodyear,,In Production
CWX,,,City of Somerton,,In Production
CVK,,,,,In Production
CXB,,,,,In Production
CXD,,Arizona,City of Tempe,,Completed
DCV,,Arizona,Buckeye,,In Production
CVS,,Arizona,Masa,,In Production
CRV,,Arizona,Queen Creek,,In Production
CZO,,Arizona,Town of Gilbert,,In Production
CXR,,Arizona,Scottsdale,,Completed
CXQ,,Arizona,Scottsdale,,Completed
CZE,,,,,In Production
CZZ,,,Carlsbad,,In Production
CXG,,Utah,Salt Lake,,In Production
DBU,,,,,In Production
DCA,,Nevada,Carson City,,In Production
DCA,,Nevada,Carson City,,In Production
CIX,,,,,In Production
COI,,California,Fresno,Floyd Johnston Construction,In Production
DCK,,,,,In Production
DAE,,California,Sonoma County,,In Production
CYA,,Oregon,Bend,,In Production
DCE,,,,,Completed
CZP,,,,,In Production
DCD,,California,,,In Production
DJK,,Utah,Salt Lake,Staker Parson,Completed
DFF,Carmel Valley,California,,,Completed
CZU,,Washington,Pierce County,,In Production
CYY,,California,Modesto,,In Production
CZB,,Nevada,Las Vegas,,In Production
CZH,,,City of Fernley,,Completed
DAO,,California,Yuba County,,In Production
DAT,,California,Cupertino County,,In Production
CZM,,California,,,In Production
DKQ,Scottsdale,Arizona,,Achen-Gardner Construction,Completed
DWJ,Henderson,North Carolina,Vance County,,Completed
DDG,Eagle,Idaho,,,Completed
DIO,,California,Freedom County,Subterra Contractors,Completed
DVR,,Florida,Osceola County,"Assured Excavating Inc, Hughes Brother Construcion",Completed
DNV,La Verkin,Utah,Washington County,,Completed
DIJ,Buckeye,Arizona,,Turnco,Completed
DKZ,Town of Florence,Arizona,,,Completed
DEJ,Fallon,Nevada,,,Completed
DIJ,Buckeye,Arizona,,Turnco,Completed
DDJ,Phoenix,Arizona,Phoenix,,Completed
DEN,Spreckels,California,,,Completed
DFV,Parrish,Florida,Manatee County,Hughey Construction Services,Completed
DIC,,North Carolina,Brunswick County,,Completed
DDO,Rehoboth,Delaware,Rehoboth Beach,,In Production
DNL,Redmond,Oregon,Deschutes County,,Completed
CYG,,Kansas,Dodge City,,Opportunity  Lost
ECA,,Florida,TOHO,"Assured Excavating Inc, Blue Ox, Hughes Brother Construcion, John M Hall, Meyer Construction Group",Completed
DEM,,California,,,Opportunity  Lost
DEW,South Fulton,Georgia,,,In Production
DEL,Phoenix,Arizona,,,Completed
DKJ,,Florida,Hillsborough County,K&R,Completed
DJP,,Florida,Manatee County,C&M Roadbuilders,Completed
CYW,,Florida,TOHO,WalRose,Completed
DSB,Debary,Florida,Volusia County,"Brockman, WLW Construction",Completed
DJQ,City of Anna,Texas,,,Completed
DGY,Mesquite,Texas,,,In Production
CYW,,Florida,TOHO,,Completed
DKD,Charlotte,North Carolina,,,Completed
DPF,Naples,Florida,Naples,,Completed
DEA,Halifax,Pennsylvania,Daophin,,In Production
DHY,Reno,Nevada,,,Completed
EAF,Belleview,Florida,,,Completed
DFC,Houston,Texas,,,In Production
DUI,St. Cloud,Florida,Osceola County,"Hughes Brother Construcion, JR Davis, Southern Development & Construction Inc., The Briar Team",Completed
DDS,,Arizona,Buckeye,TPL,Completed
CNZ,Denver,Colorado,,,In Production
ECR,Kissimmee,Florida,Osceola County,"Assured Excavating Inc, Blue Ox, The Briar Team",Completed
DRT,Parrish,Florida,Manatee County,C&M Roadbuilders,Completed
DDC,,Florida,Manatee County,Landmark Services,Completed
DIM,Carollton,Kentucky,,,In Production
DCP,Bradenton,Florida,Manatee County,Central Site Dev,Quote Sent to Sales
DTS,City of Cocoa,Florida,Brevard County,JR Davis,Completed
DJN,Charlotte,North Carolina,,,Completed
DLB,,Florida,TOHO,"Blue Ox, The Briar Team",Completed
DAP,,Texas,Dallas,,Opportunity  Lost
DLD,,Arizona,Plumas County,Pacific West Builders,Completed
DGX,Frisco,Texas,City of Waco,,Completed
DOR,,Pennsylvania,Monroe County,,Completed
DMT,,North Carolina,Brunswick County,,In Production
DMM,Parrish,Florida,Manatee County,QGS,Completed
DQM,,Arizona,Pinal County,B&F Contracting,Completed
DMC,,Minnesota,Hennepin Ave,,Completed
ELV,Kissimmee,Florida,Osceola County,"City Homes, John M Hall, Southern Development & Construction Inc.",Released to Production
DJT,Lakeview,Texas,,,Completed
DOI,Charlotte,North Carolina,,,Completed
DRF,Phoenix,Arizona,,,Completed
EJR,Ash,North Carolina,Brunswick County,,In Production
DGU,North Davis,Utah,Davis County,,Completed
DIY,Oakwood,Georgia,,,In Production
DDL,,Arizona,,,Opportunity  Lost
DGW,Raleigh,North Carolina,,,Completed
DHH,,Florida,Manatee County,DEME,Completed
DLL,Parrish,Florida,Manatee County,Core and Main,Completed
DMW,,Florida,Manatee County,Wilson Site Dev,Completed
DHM,El Cajon,California,San Diego County,Kyne Construction Inc.,Completed
DLI,Chandler,Arizona,Chandler,,In Production
DOQ,Yuba City,California,Yuba County,,
DQZ,Bradenton,Florida,Manatee County,,Completed
DPV,,Texas,San Antonio,,Completed
DFO,,Florida,Manatee County,QGS,Completed
DPR,Dallas,Texas,,,Completed
EAE,Gainesville,Florida,Alachua County,,Completed
DRC,Parrish,Florida,Manatee County,,Completed
DGI,Gilbert,Arizona,Maricopa County,Archer Western,Completed
DKN,Parrish,Florida,Manatee County,ET Makenzie Co.,Completed
DKX,,Florida,Manatee County,,Completed
DLT,,Florida,Alachua County,,Completed
DIG,St. George,Utah,,JP Excavating,Completed
DWR,Parrish,Florida,Manatee County,,Completed
DGL,Columbia,South Carolina,,,In Production
DEY,Tallahassee,Florida,,,In Production
DBS,Raleigh,North Carolina,Wake County,,In Production
DBS,Raleigh,North Carolina,Wake County,,In Production
DJX,Palmetto,Florida,Manatee County,RIPA,Completed
DQV,,Florida,Manatee County,,Completed
DLK,Kissimmee,Florida,Osceola County,,Completed
DLV,,North Carolina,,,Completed
DGS,Bakersfield,California,Bakersfield,,Completed
DTY,Kissimmee,Florida,Osceola County,,Completed
DVC,City of Casa Grande,Arizona,Pinal County,,Completed
DGO,Yuba City,California,Yuba County,Sanco Pipelines,Completed
DIV,,California,Yuba County,Sanco Pipelines,Completed
DIT,,California,Yuba County,Sanco Pipelines,Completed
DIU,,California,Yuba County,Sanco Pipelines,Completed
DGA,City of Rowlett,Texas,,,Completed
CPB,Seagoville,Texas,,,Completed
DJO,,California,,,Completed
DRL,,Florida,Manatee County,C&M Roadbuilders,Completed
DWB,Wilmington,North Carolina,,,Completed
DIE,West Columbia,Texas,,,Completed
DPU,Town of Florence,Arizona,Pinal County,"ASR Construction Group, Filanc, Hunter Contracting",Completed
DDE,City of Yuma,Arizona,Yuma County,Red Pine Construction,Completed
DFE,Carmel,California,,,Completed
DSR,Ashville,North Carolina,Buncombe County,,Completed
DFS,City of Largo,Florida,,,Completed
DGF,City of Rowlett,Texas,Dallas,,In Production
DFJ,Queen Creek,Arizona,Maricopa County,,Completed
DRD,Gainesville,Florida,Alachua County,,Completed
DNA,Santa Margarita,California,,,Completed
CRM,Phoenix,Arizona,,B&F Contracting,Completed
DGQ,St. George,Utah,Washington County,Feller Enterprises,Completed
DKV,Bradenton,Florida,Manatee County,Mcleod Land Services,Completed
DFL,Casa Grande,Arizona,,,Completed
DGP,Redding,California,,Allen Gill Construction Inc.,Completed
DJD,Tampa,Florida,Hillsborough County,,Completed
DDZ,,Arizona,,Desert Excavating,Completed
CYF,El Paso,Texas,El Paso County,,Opportunity  Lost
DFY,Apex,North Carolina,,,In Production
DLR,City of Yuma,Arizona,Yuma County,Taylor Engineering,Completed
DGR,Phoenix,Arizona,,Brown and Caldwell,Completed
DOF,,Florida,Osceola County,,Completed
DMK,Plumas Lake,California,Yuba County,,Completed
DCR,Bradenton,Florida,Manatee County,ET Makenzie Co.,Completed
DPG,Las Vegas,Nevada,Clark County,,Completed
DOO,Modesto,California,,Sak Construction,Completed
DNR,Kissimmee,Florida,Osceola County,The Briar Team,Completed
DMD,Seagoville,Texas,,,In Production
DGD,West Point,Utah,Davis County,,Completed
DGH,Phoenix,Arizona,Maricopa County,,Completed
DMY,,Florida,Manatee County,,Completed
EJL,Pace,Florida,Santa Rosa County,,In Production
DFR,,California,San Mateo,,Completed
DMF,Peoria,Arizona,Maricopa County,,Completed
DMI,Mobile,Alabama,,,In Production
DQQ,Redding,California,,City of Redding,Completed
DMV,Roy,Utah,Weber County,BHI Co.,In Production
DJV,,Florida,Osceola County,Swell Construction,Completed
DGK,Chandler,Arizona,,Atwater construction,Completed
EFP,Palmetto,Florida,Manatee County,C&M Roadbuilders,Completed
DKM,El Paso,Texas,El Paso County,,In Production
DGC,Gainesville,Florida,,,Completed
DJH,Layton,Utah,,,Completed
DVH,City of Carlsbad,California,San Diego County,,Completed
DNF,Albuquerque,New Mexico,Bernalillo County,,Completed
DOT,,Florida,Osceola County,Florida Civil Construction,Completed
DHB,,North Carolina,,,Completed
DMP,Tempe,Arizona,,B&F Contracting,Completed
DGE,Carmel,California,,,Completed
DLQ,Farmersville,Texas,Collin County,,In Production
DNP,St. Cloud,Florida,Osceola County,,Completed
DEA,Halifax,Pennsylvania,Daophin,,In Production
DLX,,North Carolina,,,Completed
DSA,,Florida,Osceola County,Assured Excavating Inc,Completed
DHW,Bullhead City,Arizona,Mohave County,GCON,Completed
DMQ,Scottsdale,Arizona,,,Completed
CTO,Perris,California,,,Completed
DOZ,Olivehurst,California,Yuba County,,Completed
DNI,San Antonio,Texas,,,Completed
DIQ,Gainesville,Florida,Alachua County,Jacobs,Completed
DNO,St. Cloud,Florida,Osceola County,,Completed
DWW,St. Cloud,Florida,Osceola County,"Assured Excavating Inc, Foshee Construction",Completed
EDV,Parrish,Florida,Manatee County,Holland Enterprises,Completed
DHJ,Parrish,Florida,Manatee County,DEME,Completed
DHK,Parrish,Florida,Manatee County,DEME,Completed
DUN,Norfolk,Virginia,,,Completed
CYS,,Florida,Brevard County,,Completed
DQC,Albuquerque,New Mexico,Bernalillo County,,Completed
DJB,Saticoy,California,Ventura County,,Completed
DRM,Chandler,Arizona,Maricopa County,,Completed
DQJ,,North Carolina,Pender County,,Completed
DIS,Tempe,Arizona,,TF Contracting Services,Completed
CPB,Seagoville,Texas,,,Completed
EES,St. Cloud,Florida,Osceola County,Assured Excavating Inc,Completed
DRJ,Houston,Texas,,,Released to Production
DHF,Queen Creek,Arizona,,Blucor Contracting,Completed
DUS,Anthem,Arizona,,,Completed
DID,St. George,Utah,,,Completed
DHE,Boulder City,Nevada,,,Completed
DHT,,Florida,Manatee County,,Completed
DQF,Parrish,Florida,Manatee County,,Completed
DRE,Raleigh,North Carolina,Brunswick County,,Completed
DHV,,Washington,Pierce County,,Completed
DMJ,Princeton,Texas,Collin County,,Completed
EAW,Bradenton,Florida,Manatee County,WoodRuff and Sons,Completed
EJV,Chandler,Arizona,Maricopa County,,In Production
DBE,Mt. Pleasant,South Carolina,Alachua County,,Opportunity  Lost
DOC,Burleson,Texas,Johnson County,,Completed
DRU,Kissimmee,Florida,Osceola County,Ramage,Completed
DEI,Buckeye,Arizona,Maricopa County,,Completed
DLH,,Florida,Manatee County,,Completed
CYY,,California,Modesto,,Opportunity  Lost
DLJ,American Fork,Utah,Utah County,"COP Construction, Condie construction Company, Sundt, Whitaker Construction",In Production
EDA,,Florida,Osceola County,,In Production
DPH,,Florida,Manatee County,,Completed
DKF,,Florida,Brevard County,,Completed
EKV,Saraland,Alabama,MOBILE,,In Production
DLO,Tucson,Arizona,Pima County,,Completed
EJH,Saipan,Northern Mariana Islands,,,In Production
DAV,,Arizona,Queen Creek,,Opportunity  Lost
DSE,City of Carlsbad,California,,,Completed
DRY,Gainesville,Florida,Alachua County,,Completed
DIZ,,Florida,Pasco County,,In Production
DIR,Washington,North Carolina,,,Completed
DAE,,California,Santa Rosa County,,Opportunity  Lost
DLM,Gainesville,Florida,Alachua County,,Completed
DJR,Sacramento,California,Sutter County,,Completed
DTM,Tempe,Arizona,,,Completed
DKU,,Washington,Pierce County,,Completed
DQP,Santa Paula,California,Ventura County,,Completed
DJI,Clayton,North Carolina,,,Completed
DJS,Bradenton,Florida,Manatee County,,Completed
DQN,,North Carolina,New Hanover County,,Completed
DNK,Phoenix,Arizona,Maricopa County,,Completed
EKZ,Chandler,Arizona,Maricopa County,,In Production
DSJ,,California,Marin County,,Completed
BVM,Sayreville,New Jersey,,,Completed
DNQ,Parrish,Florida,Manatee County,The Kerney Company,Completed
DJZ,Casa Grande,Arizona,,,Completed
CZJ,Jacksonville,Florida,Duval County,,Quote Sent to Sales
DPQ,,Florida,Osceola County,,Completed
DKK,Goleta,California,,,Completed
EFM,Tucson,Arizona,Pima County,,Completed
DQU,Palmetto,Florida,Manatee County,,Completed
DKH,,California,Sutter County,,Completed
DNU,Discovery Bay,California,Contra Costa County,,In Production
DNN,Chandler,Arizona,Maricopa County,,Completed
DVL,,Florida,Osceola County,John M Hall,Completed
DLY,Parrish,Florida,Manatee County,The Kerney Company,Completed
DMZ,Tucson,Arizona,Pima County,,Completed
DMU,Town of Gilbert,Arizona,,,Completed
DKR,,Florida,Manatee County,,Completed
DKI,,California,Santa Barbara,,Completed
DOS,Lovelock,Nevada,Pershing County,,Completed
DKO,Tucson,Arizona,,,Completed
DXO,Bradenton,Florida,Manatee County,,Completed
DXA,City of Galt,California,,,Completed
DLF,Oxnard,California,,,Completed
DNX,Marana,Arizona,Pima County,,Completed
DJL,Palm Springs,California,,,Completed
DJM,Gainesville,Florida,,,In Production
DNB,Sacramento,California,Sacramento County,,Completed
DMG,Tempe,Arizona,,,Completed
DHU,,Arizona,Chandler,B&F Contracting,Completed
DGA,City of Rowlett,Texas,,,Opportunity  Lost
DMO,City of Rowlett,Texas,Dallas County,,Completed
DCR,Bradenton,Florida,Manatee County,ET Makenzie Co.,Completed
DCR,Bradenton,Florida,Manatee County,ET Makenzie Co.,Completed
DTH,Kissimmee,Florida,Osceola County,Hughes Brother Construcion,Completed
DXU,Davenport,Florida,Osceola County,JR Davis,Completed
DND,,Florida,Pasco County,,Completed
DVM,Kissimmee,Florida,Osceola County,JR Davis,Completed
DQK,Phoenix,Arizona,Maricopa County,,Completed
DZG,Tempe,Arizona,,,Completed
DKT,St. George,Utah,Washington County,,Completed
DNT,Irving,Texas,,,Completed
DSK,Bradenton,Florida,Manatee County,,Completed
DHS,,Florida,Manatee County,ET Makenzie Co.,Completed
DTI,Town of Winterville,North Carolina,Pitt County,,Completed
CTS,Bradenton,Florida,Manatee County,,In Production
DHO,St. Cloud,Florida,Osceola County,WalRose,Completed
DXT,Sarasota,Florida,Manatee County,Landmark Services,Completed
DOH,Melbourne,Florida,Brevard County,Sanpik,Completed
DNS,Sierra Vista,Arizona,Cochise County,,Completed
DQT,,Georgia,Gwinnett County,,Completed
DIO,,California,Freedom County,Subterra Contractors,Opportunity  Lost
DKP,Cocoa,Florida,,,In Production
DUU,Wichita,Kansas,,,Completed
DCZ,Queen Creek,Arizona,Maricopa County,,Opportunity  Lost
DGI,Gilbert,Arizona,Maricopa County,Archer Western,Opportunity  Lost
CWE,Mckinney,Texas,,,Opportunity  Lost
DEH,Queen Creek,Arizona,,,Completed
DMB,Harrisville,Utah,,,Completed
DOX,Wylie,Texas,King,,Completed
DME,Chandler,Arizona,Maricopa County,,Completed
DUG,Ocean Isle Beach,North Carolina,Brunswick County,,Completed
DMX,Phoenix,Arizona,Maricopa County,,Completed
DMS,Gainesville,Florida,Alachua County,,Completed
EHA,Nokomis,Florida,Sarasota County,Phillips & Jordan,In Production
DPY,City of Cleburne,Texas,,,In Production
DPP,Mesquite,Texas,,,Completed
DSN,Port St. Lucie,Florida,St. Lucie County,,Released to Production
DTP,San Antonio,Texas,,,In Production
DYL,Lakewood Ranch,Florida,Manatee County,,Completed
DPW,Jacksonville,Florida,Duval County,,Completed
DHJ,Parrish,Florida,Manatee County,DEME,Completed
DUE,Kissimmee,Florida,Osceola County,"Camcore Site Dev, Marlin Construction Company",Completed
DNH,Houston,Texas,,,Completed
DRV,City of Yuma,Arizona,Yuma County,,Completed
DVD,Port St. Lucie,Florida,Port St Lucie County,Firethorn,Completed
CZP,,California,Yuba County,,Opportunity  Lost
DVO,Nipomo,California,San Luis Obispo County,,Completed
DDZ,,Arizona,,,Opportunity  Lost
DDZ,,Arizona,,Desert Excavating,Completed
DYC,,Florida,Osceola County,Blue Ox,Completed
DSC,,Florida,Manatee County,DEME,Completed
DKL,,Arizona,Phoenix,,Completed
DXB,,Florida,Osceola County,"Eden Site Dev, Southern Development & Construction Inc.",Completed
DUR,Gainesville,Texas,,,In Production
DLJ,American Fork,Utah,Utah County,"COP Construction, Condie construction Company, Sundt, Whitaker Construction",Completed
DLJ,American Fork,Utah,Utah County,"COP Construction, Condie construction Company, Sundt, Whitaker Construction",Completed
DOY,San Antonio,Texas,,,Cancelled
DXI,Kissimmee,Florida,Osceola County,Orlando Construction LLC.,Completed
DTL,Palmetto,Florida,Manatee County,"Burgess Civil, Central Site Dev, DEME, Forrest Excavating",Completed
DPT,Princeton,Texas,Collin County,,Completed
DYA,,Florida,Osceola County,"Blue Ox, JMHC, JR Davis",Completed
DPO,Roseville,California,Placer County,,Completed
DSQ,Phoenix,Arizona,Maricopa County,,Completed
DOW,Chandler Heights,Arizona,Maricopa County,,Completed
DML,Taylor,Utah,Weber County,,Completed
DJU,,Florida,TOHO,Assured Excavating Inc,Completed
DKL,,Arizona,Phoenix,,Completed
DKL,,Arizona,Phoenix,,Completed
DIG,St. George,Utah,,JP Excavating,Opportunity  Lost
DHK,Parrish,Florida,Manatee County,DEME,Completed
DVK,Nipomo,California,,,In Production
DTZ,St. Cloud,Florida,Osceola County,JR Davis,Completed
DTZ,St. Cloud,Florida,Osceola County,,Completed
DPL,Kissimmee,North Carolina,Brunswick County,,Completed
DWH,,Florida,Manatee County,ET Makenzie Co.,Completed
EAK,Morgan Hill,California,Santa Clara County,,Completed
DMZ,,Florida,Okaloosa County,,In Production
DWO,,Florida,Osceola County,,Completed
DVB,Burgaw,North Carolina,Pender County,,Completed
DTB,El Centro,California,Imperial County,,Completed
DYW,Minden,Nevada,,,Completed
DKH,,California,Sutter County,,Completed
DJR,Sacramento,California,Sutter County,,Completed
DQH,Reno,Nevada,,,Completed
DKL,,Arizona,Phoenix,,Completed
CKQ,,Texas,Shertz,,Quote Sent to Sales
DPI,Palmetto,Florida,Manatee County,Major League Services,Completed
DQY,Bradenton,Florida,Manatee County,Fredrick Derr,Completed
DFE,Carmel,California,,,Completed
DPJ,Bradenton,Florida,Manatee County,ET Makenzie Co.,Completed
DVY,Lakeland,Florida,Polk County,Hughes Brother Construcion,Completed
CYL,Parrish,Florida,Manatee County,,Quote Sent to Sales
DMF,Peoria,Arizona,Maricopa County,,Completed
DOB,Lawrenceville,Georgia,Gwinnett County,,In Production
DZY,St. George,Utah,Washington County,,Completed
DEH,Queen Creek,Arizona,Maricopa County,,Completed
DYP,Venice,Florida,,,Completed
DDC,Parrish,Florida,Manatee County,The Kerney Company,Completed
DDC,,Florida,Manatee County,Landmark Services,Completed
DRS,Dallas,Texas,,,In Production
DPK,Dallas,Texas,,,Completed
DON,City of Yuma,Arizona,Yuma County,,Completed
DQE,City of Eden,North Carolina,,,Completed
DFA,,Florida,Citrus County,Pave-Rite Inc,Quote Sent to Sales
DXR,Charlotte,North Carolina,,,Completed
DVF,Homosassa,Florida,Citrus County,,Completed
DSP,Kissimmee,Florida,Osceola County,Insituform,Completed
DIB,,Florida,Osceola County,Blue Ox,Completed
DIB,,Florida,Osceola County,Blue Ox,Completed
DOK,,Florida,Manatee County,ET Makenzie Co.,Completed
DOJ,Lakeside,Arizona,Navajo County,,Completed
DPE,City of Alvarado,Texas,Johnson County,,Completed
EGQ,,Virginia,Fairfax,,Completed
DVV,Kissimmee,Florida,Osceola County,John M Hall,Completed
DRK,El Paso,Texas,El Paso County,,Completed
DPZ,Greenville,South Carolina,,,Completed
DKT,St. George,Utah,Washington County,,Quote Sent to Sales
DTJ,Jacksonville,Florida,Duval County,,In Production
DSJ,Mill Valley,California,Marin County,,Released to Production
DNU,Discovery Bay,California,Contra Costa County,,Completed
DLT,,Florida,Alachua County,,Completed
DUX,Kissimmee,Florida,Osceola County,,Completed
DKA,Palmetto,Florida,Manatee County,Wilson Site Dev,Completed
DKB,Palmetto,Florida,Manatee County,Wilson Site Dev,Completed
ECW,Sacramento,California,Sacramento County,,Completed
DOY,San Antonio,Texas,,,Completed
DQA,Salt Lake City,Utah,Salt Lake County,,Completed
DIM,Carollton,Kentucky,,,Quote Sent to Sales
DWV,Bradenton,Florida,Manatee County,WoodRuff and Sons,Completed
DAH,Plano,Texas,,,Completed
DPS,Savannah,Georgia,Chatham County,,Completed
DYV,Sacramento,California,Sacramento County,,Completed
DEE,Boulder,Colorado,,,Completed
EFV,Knoxville,Tennessee,,,Completed
DTT,Denver,Colorado,,,Completed
DRU,Kissimmee,Florida,Osceola County,WhartonSmith,Completed
DWU,St. Cloud,Florida,Osceola County,"Blue Ox, TSS Civil",Completed
DVI,Glendale,Arizona,Maricopa County,,Completed
DGV,Lakeland,Florida,Polk County,,Completed
DRN,,Florida,Brevard County,John M Hall,Completed
DDU,St. Cloud,Florida,Osceola County,WalRose,Completed
EBL,St. Cloud,Florida,Osceola County,,Completed
EBR,Bradenton,Florida,Manatee County,TLC Diversified,Completed
DSG,City of Lindale,Texas,Smith County,,In Production
DPN,Swiftwater,Pennsylvania,Monroe County,,Completed
DTR,,Florida,Brevard County,"Ramage, Ryan Utilities",Completed
EFC,Bradenton,Florida,Manatee County,,Completed
DTU,Lakewood Ranch,Florida,Manatee County,,Completed
DQR,,Florida,Osceola County,,Completed
DWD,Cape Fear,North Carolina,,,Completed
DPC,Show Low,Arizona,Navajo County,,Completed
DSM,Gunter,Texas,Grayson County,,In Production
DVX,Kissimmee,Florida,Osceola County,"Harty Tractor, Vogel Bros Building, WhartonSmith",Completed
DRX,,Florida,Hillsborough County,,Completed
DOL,Jacksonville,Florida,Duval County,,Completed
DXE,Kissimmee,Florida,Osceola County,"Cathcart Const., Sanpik",Completed
ECL,Weatherford,Texas,,,Released to Production
DWS,Bakersfield,California,Kern County,,On Hold
EEP,Bradenton,Florida,Manatee County,"Central Site Dev, DEME, Gibbs & Register",Completed
DQL,,Florida,Osceola County,Blue Ox,Completed
DYX,St. Cloud,Florida,Osceola County,"Camcore Site Dev, Cronin Construction",Completed
DTG,,Florida,Manatee County,"C&M Roadbuilders, Central Site Dev, ET Makenzie Co.",Completed
EDT,Cape Canaveral,Florida,Brevard County,Middlesex Corporation,Completed
DKE,,Florida,Manatee County,RIPA,Completed
DTX,Kissimmee,Florida,Osceola County,WhartonSmith,Completed
DPD,Tucson,Arizona,,,Completed
ECT,Parrish,Florida,Manatee County,RIPA,Completed
DYN,,Iowa,,,Completed
EBG,Perris,California,Riverside County,,Completed
DYK,Parrish,Florida,Manatee County,"Central Site Dev, DEME, RIPA, The Kerney Company",Completed
DDU,St. Cloud,Florida,Osceola County,WalRose,Completed
EEW,Harmony,Florida,Osceola County,"Blue Ox, MJC Land Development, The Briar Team",In Production
DEU,,Florida,Manatee County,Rusty Plumbing,Completed
DSF,Town of Clayton,North Carolina,Johnston County,,Completed
DYE,Town of Clayton,North Carolina,,,Completed
DQD,Irving,Texas,Dallas County,,In Production
DXN,,Florida,St. Johns,T B Landmark,Completed
EHB,Kissimmee,Florida,Osceola County,"JR Davis, Sanpik",Completed
DUL,Kissimmee,Florida,Osceola County,"Cronin Construction, Pirtle",Completed
DRA,Phoenix,Arizona,Maricopa County,,Completed
CXZ,,Oregon,Redmond,,Quote Sent to Sales
DAM,Houston,Texas,,,In Production
EAU,Ash,North Carolina,Brunswick County,,On Hold
DPX,Socorro,Texas,,,In Production
DUA,Redmond,Oregon,Deschutes County,,Completed
DTV,,Florida,Manatee County,,Completed
CXZ,,Oregon,Redmond,,Quote Sent to Sales
CXZ,,Oregon,Redmond,,Quote Sent to Sales
EAT,New Braunfels,Texas,Comal County,,Released to Production
DQG,Federal Point Township,North Carolina,New Hanover County,,Completed
DYM,Merritt Island,Florida,Brevard County,Sanpik,Completed
DST,Camarillo,California,Ventura County,,Completed
ELC,Pittsburg,Pennsylvania,,,In Production
DZH,Glendale,Arizona,Maricopa County,,Completed
DXY,San Antonio,Texas,,,In Production
DTA,,Arizona,Yuma County,,Completed
CNW,Palmetto,Florida,Manatee County,RIPA,Completed
DQB,,North Carolina,,,Completed
DYI,Bradenton,Florida,Manatee County,Dana Site,Completed
DRP,Wilmington,Delaware,,,Completed
DRG,Wilmington,North Carolina,,,Completed
DTD,,Florida,Manatee County,"C&M Roadbuilders, DEME",Completed
DOK,,Florida,Manatee County,ET Makenzie Co.,In Production
EFU,Carmel,California,Monterey County,,On Hold
ECY,Bakersfield,California,Kern County,,In Production
DWP,Mesa,Arizona,Maricopa County,,Completed
DZZ,Sarasota,Florida,Sarasota County,Hughey Construction Services,Completed
DRQ,City of Rockwall,Texas,,,In Production
DIN,,North Carolina,Brunswick County,,Quote Out for approval
DUC,Phoenix,Arizona,,,Completed
DNU,Discovery Bay,California,Contra Costa County,,Completed
DNU,Discovery Bay,California,Contra Costa County,,Completed
ECG,Bullhead City,Arizona,Mohave County,,Completed
DXL,San Antonio,Texas,Bexar County,,In Production
DOA,Houston,Texas,Houston County,,In Production
DQI,Sandy,Utah,,???,Completed
DZO,Southlake,Texas,Tarrant County,,In Production
DOO,Modesto,California,,Sak Construction,In Production
EAV,Merritt Island,Florida,Brevard County,Hinterland Group,In Production
DVA,Mobile,Alabama,,,Completed
DVJ,,Arizona,Yuma County,,Completed
DVT,Roseville,California,Placer County,,Completed
DVE,Chandler,Arizona,Maricopa County,,Completed
DFO,,Florida,Manatee County,QGS,Completed
DRO,,Florida,Manatee County,,Completed
DZW,Orlando,Florida,Orange County,"Cathcart Const., Development CFL",Completed
DPH,,Florida,Manatee County,,Completed
DPF,Naples,Florida,Naples,,Released to Production
DRB,Georgetown,Texas,,,In Production
EGF,Buckeye,Arizona,Maricopa County,,Released to Production
EDO,Melbourne,Florida,Brevard County,JR Davis,Completed
DUT,Deltona,Florida,,,Completed
EMU,Mckinney,Texas,,,Released to Production
DTQ,Weber,Utah,,Ames Construction,Completed
DQS,,Utah,Weber County,???,Completed
EBS,Kissimmee,Florida,Osceola County,"JMHC, Orlando Construction LLC.",Completed
DUM,Denison,Texas,,,Cancelled
DVS,Kissimmee,Florida,Osceola County,Hall Company,Completed
DBS,Raleigh,North Carolina,,,Completed
EBU,Jacksonville,Florida,Duval County,,Completed
EBV,Jacksonville,Florida,Duval County,,Completed
DRJ,Houston,Texas,,,In Production
EAP,Safford,Arizona,,,Completed
EBA,Mesquite,Texas,,,Released to Production
EDC,Bradenton,Florida,Manatee County,Rusty Plumbing,Completed
DRB,Georgetown,Texas,,,In Production
EBE,Palmetto,Florida,Manatee County,"Burgess Civil, Central Site Dev, DEME, Gibbs & Register, Mcleod Land Services",Completed
DYB,Mims,Florida,Brevard County,"Assured Excavating Inc, WalRose",Completed
DEE,Boulder,Colorado,,,Quote Sent to Sales
DEE,Boulder,Colorado,,,Completed
DKL,,Arizona,Phoenix,,Completed
DRH,Port St. Lucie,Florida,Port St Lucie County,,Completed
EAN,Wilmington,North Carolina,New Hanover County,,Completed
DYT,Minden,Nevada,,,Completed
ECB,,North Carolina,Brunswick County,,Completed
DRM,Chandler,Arizona,Maricopa County,,Completed
DXV,New Braunfels,Texas,,,Completed
DHO,St. Cloud,Florida,Osceola County,WalRose,Completed
DZJ,Bradenton,Florida,Manatee County,"Belair Sitework Services, C&M Roadbuilders, DEME, ET Civil, Fredrick Derr, TSS Civil",Completed
DVP,Port St. Lucie,Florida,St. Lucie County,,Completed
DZF,Bradenton,Florida,Manatee County,ET Makenzie Co.,Completed
EBX,Celina,Texas,,,Released to Production
EHN,Charlotte,North Carolina,,,Completed
EGL,Kissimmee,Florida,Osceola County,Terry Roberts Site Work,Released to Production
EAR,,Florida,Manatee County,,Completed
DWQ,Calabash,North Carolina,Brunswick County,,Completed
DZS,Fargo,North Dakota,Cass County,,Completed
DUF,Kissimmee,Florida,Osceola County,,Completed
DSI,Brentwood,California,,,Completed
DSU,Charlotte,North Carolina,,,Released to Production
EGM,Mesa,Arizona,Maricopa County,,Released to Production
EFO,,Florida,Greenville County,ET Civil,Completed
DNS,Sierra Vista,Arizona,Cochise County,,Quote Sent to Sales
DVQ,Lakewood Ranch,Florida,Manatee County,Holland Enterprises,Completed
DUV,Sayreville,New Jersey,,,Completed
DMN,Parrish,Florida,Manatee County,"RIPA, The Kerney Company",Completed
DVZ,Bradenton,Florida,Manatee County,ET Makenzie Co.,Completed
ECM,Poinciana,Florida,Polk County,Moio Homes Construction,Completed
EHG,,Florida,Manatee County,"C&M Roadbuilders, RIPA",Completed
DRM,Chandler,Arizona,Maricopa County,,Completed
EBF,Town of Florence,Arizona,Pinal County,,Completed
DUD,,Georgia,Gwinnett County,,Completed
EFA,Kissimmee,Florida,Osceola County,"Blue Ox, The Briar Team",In Production
EAZ,Yucca Valley,California,,,Partial Release
EAZ,Yucca Valley,California,,,Completed
DJF,Parrish,Florida,Manatee County,RIPA,Quote Sent to Sales
DYF,Port St. Lucie,Florida,St. Lucie County,,Completed
DZI,Bradenton,Florida,Manatee County,"Belair Sitework Services, C&M Roadbuilders, DEME, ET Civil, Fredrick Derr, TSS Civil",Completed
DRM,Chandler,Arizona,Maricopa County,,Completed
DSN,Port St. Lucie,Florida,St. Lucie County,,In Production
DKL,,Arizona,Phoenix,,Completed
DUH,Roseville,California,Placer County,,Completed
EMZ,Kissimmee,Florida,Osceola County,"Hughes Brother Construcion, John M Hall, Swell Construction, WalRose",Released to Production
CWB,Frisco,Texas,,,Opportunity  Lost
EMG,Salt Lake City,Utah,,Alder Construction,In Production
DWZ,Cape Fear,North Carolina,New Hanover County,,Completed
EDX,St. Cloud,Florida,Osceola County,Marlin Construction Company,In Production
ECC,Shallotte,North Carolina,Brunswick County,,Completed
EIU,Modesto,California,Stanislaus County,,Completed
DPL,Kissimmee,North Carolina,Brunswick County,,Completed
DYR,Santa Maria,California,Santa Barbara County,,Completed
DXG,Park City,Utah,Summit County,MVC Const Co Inc,Completed
DRV,,Arizona,Yuma County,,Quote Sent to Sales
DSN,Port St. Lucie,Florida,St. Lucie County,,Released to Production
DKL,,Arizona,Phoenix,,Completed
DUY,San Luis,Arizona,Yuma County,,Completed
DXF,Clinton,Utah,Davis County,"BHI Co., Whitaker Construction",Completed
EAH,Kingsland,Texas,llano County,,Released to Production
DWM,Town of Clayton,North Carolina,Johnston County,,Completed
EBB,Brandenton,Florida,Manatee County,Gibbs & Register,Completed
DVU,Jacksonville,Florida,Duval County,,Completed
DRM,Chandler,Arizona,Maricopa County,,Quote Sent to Sales
DKL,,Arizona,Phoenix,,Completed
EFH,Waco,Texas,,,Released to Production
DWA,Parrish,Florida,Manatee County,,Completed
DRJ,Houston,Texas,,,Released to Production
DRM,Chandler,Arizona,Maricopa County,,Completed
DRB,Georgetown,Texas,,,Released to Production
DRB,Georgetown,Texas,,,Released to Production
DHQ,Calabash,North Carolina,Brunswick County,LM McLamb & Son Construction,Released to Production
DZQ,,Florida,Brevard County,"Brewer Paving, JR Davis",Completed
DTN,Bakersfield,California,Kern County,,Completed
EDM,Salt Lake City,Utah,Salt Lake County,,Completed
DKL,,Arizona,Phoenix,,Completed
DZR,Kissimmee,Florida,Osceola County,Garney Construction,Completed
DRJ,Houston,Texas,,,Released to Production
ECO,St. Cloud,Florida,Osceola County,WalRose,Completed
EAA,Kissimmee,Florida,TOHO,"Assured Excavating Inc, Blue Ox, Hughes Brother Construcion, John M Hall, Meyer Construction Group",Completed
DVW,Kissimmee,Florida,Osceola County,,Completed
DUQ,Bradenton,Florida,Manatee County,,Completed
DXX,Poinciana,Florida,Polk County,Empire Pipe,Completed
DFN,Frederickson,Washington,Pierce County,HD Fowler,Opportunity  Lost
DTJ,Jacksonville,Florida,Duval County,,Released to Production
DUW,,Washington,Pierce County,,Completed
DRC,Parrish,Florida,Manatee County,,Completed
DAY,,California,Placer County,,Quote Sent to Sales
EBP,City of Alvarado,Texas,Johnson County,,Released to Production
DWI,Rexburg,Idaho,,J-U-B Engineers,Completed
DXH,Carson City,Nevada,,,Completed
DPY,City of Cleburne,Texas,,,Released to Production
DZA,Port St. Lucie,Florida,Port St Lucie County,,Completed
DHD,,Florida,Manatee County,The Mancini Companies,Completed
DHD,,Florida,Manatee County,The Mancini Companies,In Production
DHD,,Florida,Manatee County,The Mancini Companies,In Production
DUB,Palmetto,Florida,Manatee County,,Completed
DRX,,Florida,Hillsborough County,,Completed
DXS,Syracuse,Utah,,AAA Excavating,In Production
EDZ,Bradenton,Florida,Manatee County,,Completed
DRJ,Georgetown,Texas,,,Released to Production
DTR,,Florida,Brevard County,"Ramage, Ryan Utilities",Completed
DUK,Bend,Oregon,,,Completed
DNM,Kissimmee,Florida,TOHO,WD Site Development,Completed
EEL,,Florida,Manatee County,,Completed
DXZ,St. George,Utah,Washington County,,Completed
DZT,Roseville,California,Placer County,"Lund Construction, Marques Engineering, Mountain Cascade, Mozingo, Sanco Pipelines, Teichert",Completed
DXQ,Cape Fear,North Carolina,,,Completed
EIE,Charlotte,North Carolina,,,Completed
DVG,Hampton,Georgia,,,Completed
DKH,,California,Sutter County,,Completed
DRB,Georgetown,Texas,,,Released to Production
DKH,Roseville,California,Sutter County,,Completed
DRO,,Florida,Manatee County,,Cancelled
DWK,Port St. Lucie,Florida,Port St Lucie County,,Completed
DZU,Port St. Lucie,Florida,Port St Lucie County,,Completed
DWT,Albuquerque,New Mexico,Bernalillo County,,Completed
DNE,City of Carlsbad,California,,,Released to Production
DWY,Kissimmee,Florida,Osceola County,Assured Excavating Inc,Completed
DWE,Charlotte,North Carolina,,,Completed
DXJ,Perris,California,Perris County,,Completed
DLJ,American Fork,Utah,Utah County,"COP Construction, Condie construction Company, Sundt, Whitaker Construction",Completed
DTJ,Jacksonville,Florida,Duval County,,Completed
EEN,Chicago,Illinois,,,Completed
EGH,Nipomo,California,Kern County,"Seamair Construction, Specialty Construction Inc., W. M. Lyles Co.",Completed
DJX,Palmetto,Florida,Manatee County,RIPA,Quote Sent to Sales
DAP,,Texas,Dallas,,Opportunity  Lost
DUM,Denison,Texas,,,Released to Production
DPP,Mesquite,Texas,,,Completed
DUM,Denison,Texas,,,Released to Production
CXP,Ennis,Texas,,,Opportunity  Lost
DUO,Syracuse,Utah,,Whitaker Construction,Released to Production
DWX,City of Bend,Oregon,,,Completed
DUP,Kissimmee,Florida,TOHO,WD Site Development,Completed
DXK,Yuba City,California,Sutter County,,Completed
EMI,Murrieta,California,,,In Production
DYS,Port St. Lucie,Florida,Port St Lucie County,Firethorn,Completed
DUO,Syracuse,Utah,,Whitaker Construction,Completed
DYU,City of Davis,California,Yolo County,,Completed
DYU,City of Davis,California,Yolo County,,Completed
DXW,Houston,Texas,,,Completed
ELK,,Florida,Manatee County,Graber,Released to Production
EAY,,Florida,Manatee County,"Alto Construction, DEME, Graber, Superior Siteworks",Completed
DJF,Parrish,Florida,Manatee County,RIPA,Completed
DRB,Georgetown,Texas,,,Released to Production
EAS,Bradenton,Florida,Manatee County,,Completed
EBO,Crested Butte,Colorado,,,Completed
DQW,Kissimmee,Florida,Osceola County,Team DBC,Quote Sent to Sales
DMN,Parrish,Florida,Manatee County,"RIPA, The Kerney Company",Completed
DYO,Parrish,Florida,Manatee County,"Fredrick Derr, RIPA",Completed
DUZ,Davis,California,,,Completed
DVN,St. Pete,Florida,Hillsborough County,,Completed
EDU,Pensacola,Florida,Escambia County,,Completed
DRJ,Houston,Texas,,,Released to Production
DRJ,Houston,Texas,,,Released to Production
DRJ,Georgetown,Texas,,,Released to Production
DRJ,Houston,Texas,,,In Production
DRJ,Houston,Texas,,,Released to Production
CZB,,Nevada,Las Vegas,,Quote Sent to Sales
DTO,,Florida,Manatee County,ET Makenzie Co.,Completed
ECF,Poinciana,Florida,Osceola County,Garner Complete Site,Completed
DLJ,American Fork,Utah,Utah County,"COP Construction, Condie construction Company, Sundt, Whitaker Construction",Completed
DRV,Chandler,Arizona,Yuma County,,Quote Sent to Sales
DWF,Wilmington,North Carolina,,,Completed
DLJ,American Fork,Utah,Utah County,"COP Construction, Condie construction Company, Sundt, Whitaker Construction",Completed
EAD,City of Yuma,Arizona,Yuma County,,Completed
ECI,Alvin,Texas,,,Partial Release
EBC,Plano,Texas,,,Released to Production
EEX,,Florida,Manatee County,Forrest Excavating,Completed
EMR,Gainesville,Florida,Alachua County,,Released to Production
DTJ,Jacksonville,Florida,Duval County,,Completed
DHO,St. Cloud,Florida,Osceola County,WalRose,Quote Sent to Sales
DZL,Kyle,Texas,Hays County,,In Production
DSD,Ash,North Carolina,Brunswick County,,Quote Out for approval
DIK,Parrish,Florida,Manatee County,QGS,Completed
DVN,St. Pete,Florida,Hillsborough County,,Completed
DYJ,,Florida,Manatee County,WoodRuff and Sons,Completed
DVO,Nipomo,California,San Luis Obispo County,,Completed
DWC,Port St. Lucie,Florida,Port St Lucie County,,Completed
DPO,Roseville,California,Placer County,,Likely Lost
ECU,,Florida,Alachua County,,Completed
DRB,Georgetown,Texas,,,Released to Production
DZV,West Haven,Utah,Weber County,Ames Construction,Completed
DWN,Lawrenceville,Georgia,Gwinnett County,,Completed
ECD,Marina,California,Monterey County,,Completed
EBI,St. Cloud,Florida,Osceola County,,In Production
DPG,Las Vegas,Nevada,Clark County,,Quote Sent to Sales
EFS,,Florida,Brevard County,"Cathcart Const., Sanpik",In Production
DWG,Queen Creek,Arizona,,,Completed
DJX,Palmetto,Florida,Manatee County,RIPA,Completed
EMC,Kissimmee,Florida,Osceola County,"Eden Site Dev, TSS Civil",Released to Production
EIA,Mims,Florida,Brevard County,MJC Land Development,In Production
DLJ,American Fork,Utah,Utah County,"COP Construction, Condie construction Company, Sundt, Whitaker Construction",Completed
ELG,Redmond,Oregon,Deschutes County,,Completed
DXD,Miami,Florida,Dade County,,Completed
EID,Orange City,Florida,Volusia County,,In Production
EEQ,Midland,Texas,,,Released to Production
DYY,Parrish,Florida,Manatee County,,Completed
EDI,Laguna Beach,California,,,Completed
DUP,Kissimmee,Florida,TOHO,WD Site Development,Completed
DUP,Kissimmee,Florida,TOHO,WD Site Development,Completed
EHC,Phoenix,Arizona,Maricopa County,,In Production
DIK,Parrish,Florida,Manatee County,QGS,Completed
ECJ,Parrish,Florida,Manatee County,"ET Makenzie Co., RIPA",Completed
DEU,,Florida,Manatee County,Rusty Plumbing,Completed
DKY,,Florida,Manatee County,Central Site Dev,Completed
EEJ,Bradenton,Florida,Manatee County,,Completed
EBZ,Reno,Nevada,,,Completed
DXP,Gila River Indian Community,Arizona,Pinal County,,Completed
DUM,Denison,Texas,,,Released to Production
EBH,Park City,Utah,,,Completed
DHS,,Florida,Manatee County,ET Makenzie Co.,Completed
DRB,Georgetown,Texas,,,Released to Production
EAX,City of Greeley,Colorado,,,Completed
EFB,Gainesville,Florida,Alachua County,,Completed
DRW,Mesa,Arizona,Mesa,Rhino Contracting,Completed
EAL,Davis,California,,,Completed
DYD,City of Davis,California,,,Completed
EBY,Denison,Texas,,,Released to Production
DRM,Chandler,Arizona,Maricopa County,,Completed
DRE,Raleigh,North Carolina,Brunswick County,,Quote Out for approval
DZE,St. George,Utah,Washington County,,Completed
DWP,Mesa,Arizona,Maricopa County,,Completed
EBQ,,Florida,Citrus County,,In Production
DTJ,Jacksonville,Florida,Duval County,,Completed
DTW,St. Cloud,Florida,Osceola County,JR Davis,Quote Sent to Sales
DTD,,Florida,Manatee County,"C&M Roadbuilders, DEME",Completed
ECV,Denison,Texas,,,Released to Production
DUM,Denison,Texas,,,Opportunity  Lost
DHJ,Parrish,Florida,Manatee County,DEME,Completed
DTD,,Florida,Manatee County,"C&M Roadbuilders, DEME",Completed
DXM,Bradenton,Florida,Manatee County,ET Makenzie Co.,Completed
DJQ,City of Anna,Texas,,,Completed
DVN,St. Pete,Florida,Hillsborough County,,Completed
ECS,,Washington,San Juan County,,Completed
DOD,Kissimmee,Florida,TOHO,JR Davis,Completed
DPR,Dallas,Texas,,,Opportunity  Lost
EGC,Hudson Oaks,Texas,Parker County,,Released to Production
EGD,,North Carolina,New Hanover County,,Completed
EEH,,Arizona,Yuma County,,Completed
EDB,Palmetto,Florida,Manatee County,"DEME, RIPA",Completed
DDG,Eagle,Idaho,,,Quote Sent to Sales
DYZ,Fort Smith,Arkansas,,,Completed
DTW,St. Cloud,Florida,Osceola County,JR Davis,Quote Sent to Sales
EME,Plumas Lake,California,Yuba County,,Released to Production
EBT,Wylie,Texas,,,Released to Production
DGJ,,Texas,Dallas,,Quote Sent to Sales
DIK,Parrish,Florida,Manatee County,QGS,Quote Sent to Sales
DZC,St. Cloud,Florida,Osceola County,WalRose,Completed
DYH,Jacksonville,Florida,Duval County,,Completed
DRJ,Houston,Texas,,,Released to Production
EEE,Lewisville,Texas,Dallas County,,Released to Production
EAB,,Nevada,Clark County,,Completed
DRM,Chandler,Arizona,Maricopa County,,Quote Sent to Sales
EHP,Denver,Colorado,,,In Production
EHK,,North Carolina,Brunswick County,,Completed
DKG,San Mateo,California,San Mateo County,,Completed
EAC,Georgetown,Texas,,,Released to Production
EDS,Jacksonville,Florida,Duval County,,Completed
EDN,Phoenix,Arizona,,,Partial Release
EAG,Deer Mountain,Utah,Wasatch County,,Completed
DJG,Frisco,Texas,,,Completed
EFG,Town of Clayton,North Carolina,,,Completed
DXM,Bradenton,Florida,Manatee County,ET Makenzie Co.,Completed
EEK,Kissimmee,Florida,Osceola County,"Brockman, East Coast Site Development, WD Site Development",In Production
DTJ,Jacksonville,Florida,Duval County,,Completed
EJD,Parrish,Florida,Manatee County,"DEME, Dana Site, Graber",In Production
DQH,Reno,Nevada,,,Likely Lost
DKL,,Arizona,Phoenix,,Quote Sent to Sales
EAJ,City of Aubrey,Texas,Denton County,,Released to Production
ECK,,Washington,Pierce County,,Completed
EFX,Lake Jackson,Texas,Brazoria County,,Quote Out for approval
EFZ,Bradenton,Florida,Manatee County,Arox Land Development,Completed
DQD,Irving,Texas,Dallas County,,Released to Production
DQH,Reno,Nevada,Washoe County,,Quote Out for approval
DXQ,Wilmington,North Carolina,,,Quote Out for approval
EDW,Sacramento,California,Sacramento County,,Completed
ECZ,Calabash,North Carolina,Brunswick County,,Completed
DMK,Plumas Lake,California,Yuba County,,Quote Sent to Sales
DVN,St. Pete,Florida,Hillsborough County,,Completed
DZK,Minden,Nevada,,,Completed
EJE,City of Yuma,Arizona,Yuma County,,Released to Production
EHX,,Florida,Manatee County,,In Production
EBJ,Huntersville,North Carolina,,,Completed
EGB,,Florida,Manatee County,"DEME, ET Civil, RIPA",Completed
ELM,Lakeland,Florida,Polk County,,Partial Release
DYG,Lakeland,Florida,Polk County,,Completed
EAO,St. George,Utah,Washington County,JP Excavating,Completed
EBK,Reno,Nevada,Washoe County,,Completed
DRL,,Florida,Manatee County,C&M Roadbuilders,Completed
DYQ,Merritt Island,Florida,Brevard County,Sanpik,Completed
EMX,Randleman,North Carolina,,,Released to Production
DUM,Denison,Texas,,,Released to Production
EDL,Scottsdale,Arizona,,,Completed
DYG,Lakeland,Florida,Polk County,,Completed
DWP,Mesa,Arizona,Maricopa County,,Completed
DQP,Santa Paula,California,Ventura County,,Quote Sent to Sales
EBA,Mesquite,Texas,,,Released to Production
DZB,Lawrenceville,Georgia,Gwinnett County,,Completed
EDJ,,Florida,Manatee County,,Completed
DII,,Florida,Manatee County,DEME,Completed
DWD,Cape Fear,North Carolina,,,Quote Out for approval
DWH,,Florida,Manatee County,ET Makenzie Co.,Quote Sent to Sales
DYK,Parrish,Florida,Manatee County,"Central Site Dev, DEME, RIPA, The Kerney Company",Completed
DZD,Charlotte,North Carolina,,,Completed
DMW,,Florida,Manatee County,Wilson Site Dev,Quote Sent to Sales
DZX,Rocklin,California,,,Completed
ECH,Meridian,Idaho,,,Completed
DRB,Georgetown,Texas,,,Completed
DVO,Nipomo,California,San Luis Obispo County,,Completed
DZN,Kissimmee,Florida,Osceola County,Titan Land Development,Completed
DKL,,Arizona,Phoenix,,Quote Sent to Sales
EIF,Twin Falls,Idaho,,,Completed
CKQ,,Texas,Shertz,,Quote Sent to Sales
EDP,Goldsboro,North Carolina,,,Completed
EAQ,West Point,Utah,North Davis Sewer District,,Completed
DKA,Palmetto,Florida,Manatee County,Wilson Site Dev,Completed
DRT,Parrish,Florida,Manatee County,C&M Roadbuilders,Completed
DXE,Kissimmee,Florida,Osceola County,"Cathcart Const., Sanpik",Quote Sent to Sales
EFJ,Lewisville,Texas,Dallas County,,Released to Production
EBN,Castle Rock,Colorado,Douglas County,,Completed
EJP,Kissimmee,Florida,Osceola County,WD Site Development,In Production
DMM,Parrish,Florida,Manatee County,QGS,Completed
DSC,Ellenton,Florida,Manatee County,DEME,Completed
DEA,Halifax,Pennsylvania,Daophin,,In Production
EKR,Port St. Lucie,Florida,Port St Lucie County,,Released to Production
DLJ,American Fork,Utah,Utah County,"COP Construction, Condie construction Company, Sundt, Whitaker Construction",Completed
DGG,Scottsdale,Arizona,,,Completed
DRU,Kissimmee,Florida,Osceola County,Ramage,Quote Sent to Sales
DTF,,North Carolina,Brunswick County,,Quote Out for approval
EKX,Plano,Texas,,,Released to Production
EDH,Phoenix,Arizona,,,Completed
EGY,Leland,North Carolina,,,Completed
EDR,Hurricane,Utah,Washington County,,Completed
EHY,St. Cloud,Florida,Osceola County,"Brockman, Globestone Construction",Released to Production
EFD,Bradenton,Florida,Manatee County,WoodRuff and Sons,Completed
DMM,Parrish,Florida,Manatee County,QGS,Completed
EEI,Marana,Arizona,Pima County,,Completed
DZP,Elkwood,Virginia,Culpeper County,,Completed
ECP,Scottsdale,Arizona,,,Completed
EGX,,Florida,Manatee County,WoodRuff and Sons,Partial Release
EGK,Fort Worth,Texas,,,Released to Production
DXM,Bradenton,Florida,Manatee County,ET Makenzie Co.,Completed
ELT,,Arizona,Gila County,,Released to Production
DZM,Hurricane,Utah,Washington County,,Completed
DYA,,Florida,Osceola County,"Blue Ox, JMHC, JR Davis",Quote Sent to Sales
EIY,Sugar Land,Texas,Fort Bend County,,Released to Production
DSF,Town of Clayton,North Carolina,Johnston County,,Quote Out for approval
DRT,Parrish,Florida,Manatee County,C&M Roadbuilders,Completed
DHO,St. Cloud,Florida,Osceola County,WalRose,Quote Sent to Sales
EHU,Ogden,Utah,Weber County,,Completed
EAI,Davenport,Florida,Osceola County,WalRose,Completed
DDD,,Florida,Duval County,Ferreira Construction,Completed
DKL,,Arizona,Phoenix,,Completed
EKJ,Jacksonville,Florida,Duval County,,In Production
ECQ,Scottsdale,Arizona,Maricopa County,,Completed
ELZ,Charlotte,North Carolina,,,In Production
DZV,West Haven,Utah,Weber County,Ames Construction,Completed
DZU,Port St. Lucie,Florida,Port St Lucie County,,Completed
EEM,,Florida,Manatee County,Rusty Plumbing,Completed
EJM,,California,Riverside County,,In Production
DZV,West Haven,Utah,Weber County,Ames Construction,Released to Production
DRU,Kissimmee,Florida,Osceola County,Ramage,Quote Sent to Sales
DRB,Georgetown,Texas,,,Completed
DZG,Tempe,Arizona,,,Completed
EBM,Sarasota,Florida,Sarasota County,,Completed
EIX,St. Cloud,Florida,Osceola County,"Southern Development & Construction Inc., The Briar Team",In Production
EGJ,Charlotte,North Carolina,,,Completed
DLJ,American Fork,Utah,Utah County,"COP Construction, Condie construction Company, Sundt, Whitaker Construction",Completed
DYR,Santa Maria,California,Santa Barbara County,,Likely Lost
EJJ,Flower Mound,Texas,,,Released to Production
EFL,Gainesville,Florida,Alachua County,,Completed
DQF,Parrish,Florida,Manatee County,,Completed
EER,Carmel by the Sea,California,Monterey County,,Completed
DZU,Port St. Lucie,Florida,Port St Lucie County,,Completed
EGW,Chandler Heights,Arizona,,,Released to Production
EAE,Gainesville,Florida,Alachua County,,Completed
EAF,Belleview,Florida,,,Completed
EAZ,Yucca Valley,California,,,Completed
EAZ,Yucca Valley,California,,,Submittal Sent to Sales
ELA,Portsmouth,Virginia,,,In Production
DPY,City of Cleburne,Texas,,,Completed
EEY,Sulphur Springs,Texas,Hopkins County,,Released to Production
DVD,Port St. Lucie,Florida,Port St Lucie County,Firethorn,Completed
DSC,,Florida,Manatee County,DEME,Completed
DMW,,Florida,Manatee County,Wilson Site Dev,Quote Sent to Sales
DRM,Chandler,Arizona,Maricopa County,,Quote Sent to Sales
EBD,Phoenix,Arizona,,,Completed
EAM,Saraland,Alabama,,,Completed
DKT,St. George,Utah,Washington County,,Quote Sent to Sales
DRM,Chandler,Arizona,Maricopa County,,Quote Sent to Sales
DUO,Syracuse,Utah,,Whitaker Construction,Completed
DUB,Palmetto,Florida,Manatee County,Wilson Site Dev,Completed
EGI,Garner,North Carolina,,,Completed
EEC,Kissimmee,Florida,Osceola County,,Cancelled
DZA,Port St. Lucie,Florida,Port St Lucie County,,Completed
ECX,Goleta,California,,,Completed
EFN,Ogden,Utah,Weber County,,In Production
EBC,Dallas,Texas,,,Released to Production
EEF,Fort Myers,Florida,Lee County,,Completed
EMO,St. Cloud,Florida,Osceola County,"Assured Excavating Inc, Blue Ox, JMHC, JR Davis, Southern Development & Construction Inc.",Released to Production
DVJ,,Arizona,Yuma County,,Completed
DQD,Irving,Texas,Dallas County,,Completed
EAE,Gainesville,Florida,Alachua County,,Completed
DGJ,,Texas,Dallas,,Quote Sent to Sales
DKL,,Arizona,Phoenix,,Completed
DTD,,Florida,Manatee County,"C&M Roadbuilders, DEME",Completed
DTZ,St. Cloud,Florida,Osceola County,JR Davis,Completed
EAE,Gainesville,Florida,Alachua County,,Completed
EIJ,Park City,Utah,,,Released to Production
EIM,San Luis,Arizona,Yuma County,,Released to Production
EAB,,Nevada,Clark County,,Completed
EDD,,Florida,Escambia County,,Completed
EDF,Fort Mohave,Arizona,Mohave County,,In Production
DRB,Georgetown,Texas,,,Completed
DXN,,Florida,St Johns County,,Completed
EIC,Kissimmee,Florida,Osceola County,"Drewry Site Development, Terry Roberts Site Work",Completed
EBN,Castle Rock,Colorado,Douglas County,,Completed
EEB,Slaterville,Utah,,,Completed
DQP,Santa Paula,California,Ventura County,,Quote Sent to Sales
DWP,Mesa,Arizona,Maricopa County,,Completed
EDK,Ellenton,Florida,Manatee County,,Completed
EAT,New Braunfels,Texas,Comal County,,Quote Out for approval
EBW,Kissimmee,Florida,Osceola County,,Completed
EAF,Belleview,Florida,,,Released to Production
EJO,Kissimmee,Florida,Osceola County,"Assured Excavating Inc, Blue Ox, Tucker Paving",In Production
ECE,Palmetto,Florida,Manatee County,,Completed
EBK,Reno,Nevada,Washoe County,,Completed
EGE,Grants Pass,Oregon,,,Completed
DXG,Park City,Utah,Summit County,MVC Const Co Inc,Completed
EBZ,Reno,Nevada,,,Completed
EJI,St. Cloud,Florida,Osceola County,Assured Excavating Inc,In Production
DQP,Santa Paula,California,Ventura County,,Quote Sent to Sales
EJS,,Florida,Manatee County,,In Production
EKD,,Florida,Manatee County,Holland Enterprises,In Production
ECI,Alvin,Texas,,,Released to Production
EFW,Charlotte,North Carolina,,,Completed
EKC,Delco,Texas,,,Released to Production
DYC,,Florida,Osceola County,Blue Ox,Quote Sent to Sales
EBN,Castle Rock,Colorado,Douglas County,,Completed
EAZ,Yucca Valley,California,,,Completed
EIW,Kissimmee,Florida,Osceola County,JMHC,In Production
EJU,San Antonio,Texas,,,Submittal Out For Approval
DMI,Mobile,Alabama,,,Quote Sent to Sales
DGV,,Florida,Polk County,Felix Associates of Florida,Quote Sent to Sales
EAJ,City of Aubrey,Texas,Denton County,,Completed
EJF,,Florida,Okaloosa County,,In Production
ECP,Scottsdale,Arizona,,,Completed
DTZ,St. Cloud,Florida,Osceola County,JR Davis,Quote Sent to Sales
EBC,Dallas,Texas,,,Released to Production
EBZ,Reno,Nevada,,,Completed
EBC,Dallas,Texas,,,Released to Production
EJB,City of Huntsville,Texas,,,Released to Production
ELE,San Luis,Arizona,,,Released to Production
EEG,Jacksonville,Florida,Duval County,,Completed
EMF,Haines City,Florida,Polk County,,Released to Production
EDE,,Florida,Escambia County,,Completed
EEZ,Wilmington,Delaware,,,Completed
DKT,St. George,Utah,Washington County,,Completed
EKB,Bonsall,California,San Diego County,,In Production
DZU,Port St. Lucie,Florida,Port St Lucie County,,Completed
EKG,,Florida,Osceola County,WhartonSmith,In Production
EDQ,Parrish,Florida,Manatee County,ET Makenzie Co.,Completed
EBE,Palmetto,Florida,Manatee County,,Released to Production
EDF,Fort Mohave,Arizona,Mohave County,,Completed
EKA,Phoenix,Arizona,Maricopa County,,Released to Production
DVJ,,Arizona,Yuma County,,Completed
ECJ,Parrish,Florida,Manatee County,,Completed
EIG,Midlothian,Texas,,,Released to Production
DQP,Santa Paula,California,Ventura County,,Quote Sent to Sales
EHI,,Florida,Manatee County,,In Production
EGG,Scottsdale,Arizona,,,Released to Production
EEU,Fountain Valley,California,Orange County,,Completed
EGO,Kissimmee,Florida,Osceola County,"Cathcart Const., Sanpik",In Production
EDN,Phoenix,Arizona,,,Completed
EII,Raleigh,North Carolina,Wake County,,In Production
EMS,Parrish,Florida,Manatee County,,Released to Production
EIR,Olathe,Kansas,,,Released to Production
EDS,Jacksonville,Florida,Duval County,,Completed
EDS,Jacksonville,Florida,Duval County,,Completed
EDT,Cape Canaveral,Florida,Brevard County,Middlesex Corporation,Released to Production
EAZ,Yucca Valley,California,,,Completed
EAZ,Yucca Valley,California,,,Completed
EAZ,Yucca Valley,California,,,Completed
EKE,Tempe,Arizona,Maricopa County,,Released to Production
EMW,Santa Barbara,California,,,Partial Release
DRY,Gainesville,Florida,Alachua County,,Released to Production
EMA,,Florida,Manatee County,,Released to Production
DWP,Mesa,Arizona,Maricopa County,,Completed
EEO,Parrish,Florida,Manatee County,,Completed
EDF,Fort Mohave,Arizona,Mohave County,,Completed
EEA,San Diego,California,San Diego County,,In Production
ELO,Lemon Grove,California,San Diego County,,Released to Production
ELP,Rockford,Michigan,,,In Production
EET,Clemmons,North Carolina,,,Completed
EED,Lakewood Ranch,Florida,Manatee County,"C&M Roadbuilders, RIPA",Released to Production
DWP,Mesa,Arizona,Maricopa County,,Released to Production
EGP,Gainesville,Florida,Alachua County,,Released to Production
ECA,Kissimmee,Florida,Osceola County,Assured Excavating Inc,Completed
EGV,Bradenton,Florida,Manatee County,,Released to Production
EJQ,Bradenton,Florida,Manatee County,,In Production
ELH,,Florida,Lee County,,Released to Production
DZV,West Haven,Utah,Weber County,,Completed
DZO,Southlake,Texas,Tarrant County,,Released to Production
DLC,Phoenix,Arizona,,,Completed
EFK,,California,Marin County,,Completed
EFQ,Queen Creek,Arizona,Maricopa County,,Released to Production
EGT,Fort Worth,Texas,Tarrant County,,Released to Production
EEG,,Florida,Duval County,,Completed
EJY,Vicksburg,Michigan,Kalamazoo County,,Released to Production
DXM,Bradenton,Florida,Manatee County,,Released to Production
EGA,Jacksonville,Florida,Duval County,,Completed
EJK,St. George,Utah,,,In Production
EFY,St. Cloud,Florida,Osceola County,"Blue Ox, Hughes Brother Construcion, John M Hall",Completed
EEV,Las Vegas,Nevada,Clark County,Target Construction,Completed
EIV,El Cajon,California,San Diego County,,In Production
ECP,Scottsdale,Arizona,,,Completed
DWP,Mesa,Arizona,Maricopa County,,Completed
ECO,St. Cloud,Florida,Osceola County,WalRose,Released to Production
EHH,Fremont,Utah,,Phaze Concrete,In Production
EFF,Seaside,California,Monterey,,Completed
EKK,Maxton,North Carolina,,,Completed
EMQ,Tempe,Arizona,,,Released to Production
DPI,Palmetto,Florida,Manatee County,,Released to Production
EBI,St. Cloud,Florida,Osceola County,Advanced Earthworks,Released to Production
EDN,Phoenix,Arizona,,,Released to Production
EMT,Gainesville,Florida,GRU,Utility Service of Gainesville Inc,Released to Production
EKS,Kissimmee,Florida,Osceola County,"JMHC, JR Davis, Phillips Heavy Civil, Southern Development & Construction Inc.",Released to Production
EFR,Jacksonville,Florida,Duval County,,Completed
EFE,Jacksonville,Florida,Duval County,,Completed
EGN,Eastsound,Washington,San Juan County,,Completed
EJG,Bradenton,Florida,Manatee County,,In Production
EIB,Fort Mohave,Arizona,Mohave County,,Released to Production
EIT,Sierra Vista,Arizona,Cochise County,,Released to Production
ELS,Charlotte,North Carolina,,,In Production
EJW,Fort Mohave,Arizona,Mohave County,,Completed
ELF,Seward,Nebraska,,,Released to Production
EFM,Tucson,Arizona,Pima County,,Completed
ECI,Alvin,Texas,,,Released to Production
EFU,Carmel,California,Monterey County,,Completed
EBC,Dallas,Texas,,,Released to Production
EFN,,Utah,Weber County,,In Production
EAZ,Yucca Valley,California,,,In Production
EAZ,Yucca Valley,California,,,In Production
EFN,,Utah,Weber County,,In Production
EFS,,Florida,Brevard County,Sanpik,Cancelled
ELB,Lakeland,Florida,Polk County,"Dallas One, Kamminga & Roodvoets Inc., QGS Development, Tucker Paving",In Production
DWC,Port St. Lucie,Florida,Port St Lucie County,,Completed
EFQ,Queen Creek,Arizona,Maricopa County,,Released to Production
DWP,Mesa,Arizona,Maricopa County,,Released to Production
DWP,Mesa,Arizona,Maricopa County,,Released to Production
EBI,St. Cloud,Florida,Osceola County,Advanced Earthworks,Released to Production
EFS,,Florida,Brevard County,"Cathcart Const., Sanpik",In Production
EFS,,Florida,Brevard County,"Cathcart Const., Sanpik",In Production
EJA,Bradenton,Florida,Manatee County,,In Production
EFX,Lake Jackson,Texas,Brazoria County,,Released to Production
EAE,Gainesville,Florida,Alachua County,,Completed
EFY,St. Cloud,Florida,Osceola County,"Blue Ox, Hughes Brother Construcion, John M Hall",In Production
ECI,Alvin,Texas,,,Released to Production
DWC,Port St. Lucie,Florida,Port St Lucie County,,Completed
EGZ,,Florida,Manatee County,,Released to Production
DVX,Kissimmee,Florida,Osceola County,Vogel Bros Building,Released to Production
EFM,Tucson,Arizona,Pima County,,Completed
EFM,Tucson,Arizona,Pima County,,Completed
EAZ,Yucca Valley,California,,,Completed
EGR,Sachse,Texas,,,In Production
EIL,Tucson,Arizona,Pima County,,Released to Production
EFN,Ogden,Utah,,BHI Co.,Released to Production
EJT,,Florida,Palm Bay,,In Production
EGS,Jacksonville,Florida,Duval County,,Released to Production
EAF,Belleview,Florida,,,Completed
EHK,Kissimmee,Florida,Osceola County,CCC Site Development,Released to Production
EAT,New Braunfels,Texas,Comal County,,Submittal Sent to Sales
EJC,Apache Junction,Arizona,Pinal County,,Released to Production
EHO,San Tan Valley,Arizona,Pinal County,,Released to Production
EIH,Scottsdale,Arizona,Maricopa County,,Released to Production
EAE,Gainesville,Florida,Alachua County,,Released to Production
ELJ,City of Fresno,California,Fresno County,,Completed
ELI,Poinciana,Florida,Polk County,Invertech Solutions LLC,Released to Production
DVQ,Lakewood Ranch,Florida,Manatee County,Holland Enterprises,Released to Production
EIS,Bradenton,Florida,Manatee County,,In Production
EHL,Port St. Lucie,Florida,Port St Lucie County,,Completed
EHE,Peoria,Arizona,Maricopa County,,Released to Production
EHR,Houston,Texas,Harris County,,Released to Production
EHJ,Plumas Lake,California,Yuba County,,Completed
EHF,Lakewood Ranch,Florida,Manatee County,"C&M Roadbuilders, RIPA",Released to Production
EFT,,Florida,Osceola County,,Released to Production
DXF,Clinton,Utah,Davis County,,Completed
DRM,Chandler,Arizona,Maricopa County,,Released to Production
EGX,,Florida,Manatee County,WoodRuff and Sons,Completed
EMB,Miami,Florida,Miami-Dade County,,Released to Production
EIO,Lakewood,Washington,,,Completed
EJZ,,Arizona,Maricopa County,,Released to Production
ECI,Alvin,Texas,,,Released to Production
EFY,St. Cloud,Florida,Osceola County,"Blue Ox, Hughes Brother Construcion, John M Hall",In Production
EHC,Phoenix,Arizona,Maricopa County,,In Production
EHC,Phoenix,Arizona,Maricopa County,,In Production
EHV,Raleigh,Florida,Manatee County,,Released to Production
EHK,,North Carolina,Brunswick County,,Completed
EIN,Scottsdale,Arizona,Maricopa County,,Released to Production
EHS,Gainesville,Florida,Alachua County,,Completed
EKM,Peoria,Arizona,Maricopa County,,Released to Production
EFM,Tucson,Arizona,Pima County,,Released to Production
EHT,,Florida,,jea,Completed
EKY,Win Point,Wisconsin,Racine,,Released to Production
EHQ,City of Yuma,Nevada,Yuma County,,Released to Production
EHZ,Jacksonville,Florida,Duval County,,Released to Production
EKI,Gila River Indian Community,Arizona,Maricopa County,,Released to Production
EJN,Scottsdale,Arizona,Maricopa County,,Released to Production
EIQ,Mesa,Arizona,Maricopa County,,Released to Production
EKH,Bradenton,Florida,Manatee County,,Released to Production
EDA,,Florida,Osceola County,,Released to Production
ELN,Deltona,Florida,VOLUSIA,,Released to Production
EMP,St. Pete,Florida,Pinellas county,,Released to Production
EIZ,Camarillo,California,Ventura County,,In Production
EIP,,Florida,Gainesville,,Completed
EHC,Phoenix,Arizona,Maricopa County,,In Production
EFY,St. Cloud,Florida,Osceola County,"Blue Ox, Hughes Brother Construcion, John M Hall",Completed
DRF,Phoenix,Arizona,,,Released to Production
EKO,Boise,Idaho,,,Released to Production
EIA,Mims,Florida,Brevard County,MJC Land Development,Released to Production
EMD,Reno,Nevada,Washoe County,,Released to Production
EJG,Bradenton,Florida,Manatee County,,Released to Production
DZV,West Haven,Utah,Weber County,,Released to Production
EMK,Tucson,Arizona,Pima County,,Released to Production
EGX,,Florida,Manatee County,WoodRuff and Sons,Submittal Out For Approval
DPP,Mesquite,Texas,,,Released to Production
EJA,Bradenton,Florida,Manatee County,,Released to Production
EFU,Carmel,California,Monterey County,,Completed
EHC,Phoenix,Arizona,Maricopa County,,Released to Production
EMM,Allen,Texas,,,Released to Production
EMH,Salinas,California,Monterey,,Released to Production
DNV,La Verkin,Utah,Washington County,,Completed
EJO,Kissimmee,Florida,Osceola County,Blue Ox,Released to Production
EMN,Albuquerque,New Mexico,Bernalillo County,,Released to Production
EKF,Scottsdale,Arizona,Maricopa County,,Released to Production
EJU,San Antonio,Texas,,,Released to Production
EKP,Peoria,Arizona,Maricopa County,,Released to Production
EKL,St. George,Utah,,,In Production
EAZ,Yucca Valley,California,,,Released to Production
EJV,Chandler,Arizona,Maricopa County,,Released to Production
EKN,Kissimmee,Florida,Osceola County,Cathcart Const.,In Production
EKT,Scottsdale,Arizona,Maricopa County,,Released to Production
ELR,Brownsville,Texas,,,Released to Production
EAZ,Yucca Valley,California,,,Released to Production
EJU,San Antonio,Texas,,,Released to Production
EGX,,Florida,Manatee County,WoodRuff and Sons,Released to Production
EKU,,Florida,Santa Rosa County,,In Production
ECI,Alvin,Texas,,,Released to Production
EKQ,Queen Creek,Arizona,Maricopa County,,Released to Production
EAZ,Yucca Valley,California,,,Released to Production
ELD,Kansas City,Kansas,,,Released to Production
ELY,,Florida,Manatee County,,Released to Production
EKR,Port St. Lucie,Florida,Port St Lucie County,,Released to Production
EIJ,Park City,Utah,,,Released to Production
ELQ,Bradenton,Florida,Manatee County,,Released to Production
EJU,San Antonio,Texas,,,Released to Production
EMJ,Charlotte,North Carolina,,,In Production
DZO,Southlake,Texas,Tarrant County,,Shelved
ELU,Jacksonville,Florida,JEA,jea,Released to Production
ELW,Phoenix,Arizona,Maricopa County,,Released to Production
EKZ,Chandler,Arizona,Maricopa County,,Released to Production
EEY,Sulphur Springs,Texas,,,Released to Production
ELX,Jacksonville,Florida,,,Released to Production
ELM,Lakeland,Florida,Polk County,,Released to Production
EKR,Port St. Lucie,Florida,Port St Lucie County,,Released to Production
EGQ,,Virginia,Fairfax,,Cancelled
EKZ,Chandler,Arizona,Maricopa County,,Released to Production
EJK,St. George,Utah,,,Released to Production
EKZ,Chandler,Arizona,Maricopa County,,Released to Production
EKR,Port St. Lucie,Florida,Port St Lucie County,,Released to Production
EMY,Jacksonville,Florida,JEA,,Pending Release
EJM,,California,Riverside County,,Quote Out for approval
EMG,Salt Lake City,Utah,,Alder Construction,Released to Production
EMV,Avondale,Arizona,Maricopa County,,Released to Production
EJU,San Antonio,Texas,,,Released to Production
EJU,San Antonio,Texas,,,Submittal Out For Approval
EAZ,Yucca Valley,California,,,Released to Production
EKZ,Chandler,Arizona,Maricopa County,,Released to Production
ELK,,Florida,Manatee County,Graber,Quote Out for approval
EKR,Port St. Lucie,Florida,Port St Lucie County,,Released to Production
EAZ,Yucca Valley,California,,,Submittal Out For Approval
EMW,Santa Barbara,California,,,Released to Production
EMW,Santa Barbara,California,,,Submittal Out For Approval
